Office,Parish,"""Mike"" Johnson (REP)","Joshua Morott (REP)"
"U. S. Representative -- 4th Congressional District","Allen","6937","900"
"U. S. Representative -- 4th Congressional District","Beauregard","13197","1768"
"U. S. Representative -- 4th Congressional District","Bienville","4225","1161"
"U. S. Representative -- 4th Congressional District","Bossier","40291","7703"
"U. S. Representative -- 4th Congressional District","Caddo","40262","8860"
"U. S. Representative -- 4th Congressional District","Calcasieu","28383","4017"
"U. S. Representative -- 4th Congressional District","Claiborne","4006","901"
"U. S. Representative -- 4th Congressional District","De Soto","5978","643"
"U. S. Representative -- 4th Congressional District","Evangeline","10829","1276"
"U. S. Representative -- 4th Congressional District","Grant","7379","778"
"U. S. Representative -- 4th Congressional District","Jackson","5475","960"
"U. S. Representative -- 4th Congressional District","Lincoln","12850","2996"
"U. S. Representative -- 4th Congressional District","Ouachita","23763","2818"
"U. S. Representative -- 4th Congressional District","Rapides","9869","1145"
"U. S. Representative -- 4th Congressional District","Red River","2712","534"
"U. S. Representative -- 4th Congressional District","Sabine","8317","905"
"U. S. Representative -- 4th Congressional District","Union","8344","1101"
"U. S. Representative -- 4th Congressional District","Vernon","13372","1741"
"U. S. Representative -- 4th Congressional District","Webster","12048","2605"
"U. S. Representative -- 4th Congressional District","Winn","4584","615"