Precinct_name,Pct_Id,Contest_title,candidate_name,Candidate_Type,Party_Code,total_ballots,total_votes,Election Day_votes,Absentee_votes,Early Voting_votes,Question_votes,Remote_votes
01-600 Ketchikan No. 1,01-600,U.S. Senator,"Darden, Dustin Thomas House",C,REP,340,3,3,0,0,0,0
01-600 Ketchikan No. 1,01-600,U.S. Senator,"Grauberger, Fred C.",C,REP,340,1,1,0,0,0,0
01-600 Ketchikan No. 1,01-600,U.S. Senator,"Grayson, Richard",C,GRN,340,2,2,0,0,0,0
01-600 Ketchikan No. 1,01-600,U.S. Senator,"Hafner, Carol ""Kitty""",C,DEM,340,3,3,0,0,0,0
01-600 Ketchikan No. 1,01-600,U.S. Senator,"Heikes, Gerald L.",C,REP,340,6,6,0,0,0,0
01-600 Ketchikan No. 1,01-600,U.S. Senator,"Hill, Sidney ""Sid""",C,UND,340,1,1,0,0,0,0
01-600 Ketchikan No. 1,01-600,U.S. Senator,"Kohlhaas, Scott A.",C,LIB,340,1,1,0,0,0,0
01-600 Ketchikan No. 1,01-600,U.S. Senator,"Leslie, David B.",C,DEM,340,7,7,0,0,0,0
01-600 Ketchikan No. 1,01-600,U.S. Senator,"Mayers, Richard B.",C,REP,340,5,5,0,0,0,0
01-600 Ketchikan No. 1,01-600,U.S. Senator,"McElwain, Heather",C,REP,340,1,1,0,0,0,0
01-600 Ketchikan No. 1,01-600,U.S. Senator,"Peltola, Mary",C,DEM,340,188,188,0,0,0,0
01-600 Ketchikan No. 1,01-600,U.S. Senator,"Roberts, Reece J.",C,NON,340,0,0,0,0,0,0
01-600 Ketchikan No. 1,01-600,U.S. Senator,"Saucerman, Shirley A.",C,NON,340,0,0,0,0,0,0
01-600 Ketchikan No. 1,01-600,U.S. Senator,"Southworth, Earl D. ""Skip""",C,RAP,340,6,6,0,0,0,0
01-600 Ketchikan No. 1,01-600,U.S. Senator,"Sullivan, Daniel J. Jr.",C,,340,8,8,0,0,0,0
01-600 Ketchikan No. 1,01-600,U.S. Senator,"Sullivan, Dan S.",C,REP,340,106,106,0,0,0,0
01-600 Ketchikan No. 1,01-600,House District 1,"Bynum, Jeremy T.",C,REP,340,130,130,0,0,0,0
01-600 Ketchikan No. 1,01-600,House District 1,"EchoHawk, Grant",C,NON,340,190,190,0,0,0,0
01-600 Ketchikan No. 1,01-600,BM#1 23RCF2,YES,C,,340,239,239,0,0,0,0
01-600 Ketchikan No. 1,01-600,BM#1 23RCF2,NO,C,,340,90,90,0,0,0,0
01-610 Ketchikan No. 2,01-610,U.S. Senator,"Darden, Dustin Thomas House",C,REP,455,3,3,0,0,0,0
01-610 Ketchikan No. 2,01-610,U.S. Senator,"Grauberger, Fred C.",C,REP,455,1,1,0,0,0,0
01-610 Ketchikan No. 2,01-610,U.S. Senator,"Grayson, Richard",C,GRN,455,1,1,0,0,0,0
01-610 Ketchikan No. 2,01-610,U.S. Senator,"Hafner, Carol ""Kitty""",C,DEM,455,4,4,0,0,0,0
01-610 Ketchikan No. 2,01-610,U.S. Senator,"Heikes, Gerald L.",C,REP,455,8,8,0,0,0,0
01-610 Ketchikan No. 2,01-610,U.S. Senator,"Hill, Sidney ""Sid""",C,UND,455,3,3,0,0,0,0
01-610 Ketchikan No. 2,01-610,U.S. Senator,"Kohlhaas, Scott A.",C,LIB,455,2,2,0,0,0,0
01-610 Ketchikan No. 2,01-610,U.S. Senator,"Leslie, David B.",C,DEM,455,5,5,0,0,0,0
01-610 Ketchikan No. 2,01-610,U.S. Senator,"Mayers, Richard B.",C,REP,455,2,2,0,0,0,0
01-610 Ketchikan No. 2,01-610,U.S. Senator,"McElwain, Heather",C,REP,455,2,2,0,0,0,0
01-610 Ketchikan No. 2,01-610,U.S. Senator,"Peltola, Mary",C,DEM,455,233,233,0,0,0,0
01-610 Ketchikan No. 2,01-610,U.S. Senator,"Roberts, Reece J.",C,NON,455,1,1,0,0,0,0
01-610 Ketchikan No. 2,01-610,U.S. Senator,"Saucerman, Shirley A.",C,NON,455,2,2,0,0,0,0
01-610 Ketchikan No. 2,01-610,U.S. Senator,"Southworth, Earl D. ""Skip""",C,RAP,455,6,6,0,0,0,0
01-610 Ketchikan No. 2,01-610,U.S. Senator,"Sullivan, Daniel J. Jr.",C,,455,15,15,0,0,0,0
01-610 Ketchikan No. 2,01-610,U.S. Senator,"Sullivan, Dan S.",C,REP,455,164,164,0,0,0,0
01-610 Ketchikan No. 2,01-610,House District 1,"Bynum, Jeremy T.",C,REP,455,218,218,0,0,0,0
01-610 Ketchikan No. 2,01-610,House District 1,"EchoHawk, Grant",C,NON,455,202,202,0,0,0,0
01-610 Ketchikan No. 2,01-610,BM#1 23RCF2,YES,C,,455,333,333,0,0,0,0
01-610 Ketchikan No. 2,01-610,BM#1 23RCF2,NO,C,,455,107,107,0,0,0,0
01-620 Ketchikan No. 3,01-620,U.S. Senator,"Darden, Dustin Thomas House",C,REP,336,6,6,0,0,0,0
01-620 Ketchikan No. 3,01-620,U.S. Senator,"Grauberger, Fred C.",C,REP,336,0,0,0,0,0,0
01-620 Ketchikan No. 3,01-620,U.S. Senator,"Grayson, Richard",C,GRN,336,1,1,0,0,0,0
01-620 Ketchikan No. 3,01-620,U.S. Senator,"Hafner, Carol ""Kitty""",C,DEM,336,6,6,0,0,0,0
01-620 Ketchikan No. 3,01-620,U.S. Senator,"Heikes, Gerald L.",C,REP,336,6,6,0,0,0,0
01-620 Ketchikan No. 3,01-620,U.S. Senator,"Hill, Sidney ""Sid""",C,UND,336,0,0,0,0,0,0
01-620 Ketchikan No. 3,01-620,U.S. Senator,"Kohlhaas, Scott A.",C,LIB,336,1,1,0,0,0,0
01-620 Ketchikan No. 3,01-620,U.S. Senator,"Leslie, David B.",C,DEM,336,4,4,0,0,0,0
01-620 Ketchikan No. 3,01-620,U.S. Senator,"Mayers, Richard B.",C,REP,336,2,2,0,0,0,0
01-620 Ketchikan No. 3,01-620,U.S. Senator,"McElwain, Heather",C,REP,336,5,5,0,0,0,0
01-620 Ketchikan No. 3,01-620,U.S. Senator,"Peltola, Mary",C,DEM,336,133,133,0,0,0,0
01-620 Ketchikan No. 3,01-620,U.S. Senator,"Roberts, Reece J.",C,NON,336,2,2,0,0,0,0
01-620 Ketchikan No. 3,01-620,U.S. Senator,"Saucerman, Shirley A.",C,NON,336,0,0,0,0,0,0
01-620 Ketchikan No. 3,01-620,U.S. Senator,"Southworth, Earl D. ""Skip""",C,RAP,336,1,1,0,0,0,0
01-620 Ketchikan No. 3,01-620,U.S. Senator,"Sullivan, Daniel J. Jr.",C,,336,3,3,0,0,0,0
01-620 Ketchikan No. 3,01-620,U.S. Senator,"Sullivan, Dan S.",C,REP,336,166,166,0,0,0,0
01-620 Ketchikan No. 3,01-620,House District 1,"Bynum, Jeremy T.",C,REP,336,216,216,0,0,0,0
01-620 Ketchikan No. 3,01-620,House District 1,"EchoHawk, Grant",C,NON,336,110,110,0,0,0,0
01-620 Ketchikan No. 3,01-620,BM#1 23RCF2,YES,C,,336,233,233,0,0,0,0
01-620 Ketchikan No. 3,01-620,BM#1 23RCF2,NO,C,,336,100,100,0,0,0,0
01-640 North Tongass No. 1,01-640,U.S. Senator,"Darden, Dustin Thomas House",C,REP,233,3,3,0,0,0,0
01-640 North Tongass No. 1,01-640,U.S. Senator,"Grauberger, Fred C.",C,REP,233,1,1,0,0,0,0
01-640 North Tongass No. 1,01-640,U.S. Senator,"Grayson, Richard",C,GRN,233,0,0,0,0,0,0
01-640 North Tongass No. 1,01-640,U.S. Senator,"Hafner, Carol ""Kitty""",C,DEM,233,0,0,0,0,0,0
01-640 North Tongass No. 1,01-640,U.S. Senator,"Heikes, Gerald L.",C,REP,233,2,2,0,0,0,0
01-640 North Tongass No. 1,01-640,U.S. Senator,"Hill, Sidney ""Sid""",C,UND,233,0,0,0,0,0,0
01-640 North Tongass No. 1,01-640,U.S. Senator,"Kohlhaas, Scott A.",C,LIB,233,1,1,0,0,0,0
01-640 North Tongass No. 1,01-640,U.S. Senator,"Leslie, David B.",C,DEM,233,2,2,0,0,0,0
01-640 North Tongass No. 1,01-640,U.S. Senator,"Mayers, Richard B.",C,REP,233,1,1,0,0,0,0
01-640 North Tongass No. 1,01-640,U.S. Senator,"McElwain, Heather",C,REP,233,2,2,0,0,0,0
01-640 North Tongass No. 1,01-640,U.S. Senator,"Peltola, Mary",C,DEM,233,74,74,0,0,0,0
01-640 North Tongass No. 1,01-640,U.S. Senator,"Roberts, Reece J.",C,NON,233,0,0,0,0,0,0
01-640 North Tongass No. 1,01-640,U.S. Senator,"Saucerman, Shirley A.",C,NON,233,1,1,0,0,0,0
01-640 North Tongass No. 1,01-640,U.S. Senator,"Southworth, Earl D. ""Skip""",C,RAP,233,2,2,0,0,0,0
01-640 North Tongass No. 1,01-640,U.S. Senator,"Sullivan, Daniel J. Jr.",C,,233,4,4,0,0,0,0
01-640 North Tongass No. 1,01-640,U.S. Senator,"Sullivan, Dan S.",C,REP,233,139,139,0,0,0,0
01-640 North Tongass No. 1,01-640,House District 1,"Bynum, Jeremy T.",C,REP,233,154,154,0,0,0,0
01-640 North Tongass No. 1,01-640,House District 1,"EchoHawk, Grant",C,NON,233,63,63,0,0,0,0
01-640 North Tongass No. 1,01-640,BM#1 23RCF2,YES,C,,233,164,164,0,0,0,0
01-640 North Tongass No. 1,01-640,BM#1 23RCF2,NO,C,,233,61,61,0,0,0,0
01-650 North Tongass No. 2,01-650,U.S. Senator,"Darden, Dustin Thomas House",C,REP,504,3,3,0,0,0,0
01-650 North Tongass No. 2,01-650,U.S. Senator,"Grauberger, Fred C.",C,REP,504,1,1,0,0,0,0
01-650 North Tongass No. 2,01-650,U.S. Senator,"Grayson, Richard",C,GRN,504,2,2,0,0,0,0
01-650 North Tongass No. 2,01-650,U.S. Senator,"Hafner, Carol ""Kitty""",C,DEM,504,2,2,0,0,0,0
01-650 North Tongass No. 2,01-650,U.S. Senator,"Heikes, Gerald L.",C,REP,504,6,6,0,0,0,0
01-650 North Tongass No. 2,01-650,U.S. Senator,"Hill, Sidney ""Sid""",C,UND,504,1,1,0,0,0,0
01-650 North Tongass No. 2,01-650,U.S. Senator,"Kohlhaas, Scott A.",C,LIB,504,1,1,0,0,0,0
01-650 North Tongass No. 2,01-650,U.S. Senator,"Leslie, David B.",C,DEM,504,3,3,0,0,0,0
01-650 North Tongass No. 2,01-650,U.S. Senator,"Mayers, Richard B.",C,REP,504,1,1,0,0,0,0
01-650 North Tongass No. 2,01-650,U.S. Senator,"McElwain, Heather",C,REP,504,7,7,0,0,0,0
01-650 North Tongass No. 2,01-650,U.S. Senator,"Peltola, Mary",C,DEM,504,209,209,0,0,0,0
01-650 North Tongass No. 2,01-650,U.S. Senator,"Roberts, Reece J.",C,NON,504,0,0,0,0,0,0
01-650 North Tongass No. 2,01-650,U.S. Senator,"Saucerman, Shirley A.",C,NON,504,0,0,0,0,0,0
01-650 North Tongass No. 2,01-650,U.S. Senator,"Southworth, Earl D. ""Skip""",C,RAP,504,5,5,0,0,0,0
01-650 North Tongass No. 2,01-650,U.S. Senator,"Sullivan, Daniel J. Jr.",C,,504,15,15,0,0,0,0
01-650 North Tongass No. 2,01-650,U.S. Senator,"Sullivan, Dan S.",C,REP,504,245,245,0,0,0,0
01-650 North Tongass No. 2,01-650,House District 1,"Bynum, Jeremy T.",C,REP,504,282,282,0,0,0,0
01-650 North Tongass No. 2,01-650,House District 1,"EchoHawk, Grant",C,NON,504,183,183,0,0,0,0
01-650 North Tongass No. 2,01-650,BM#1 23RCF2,YES,C,,504,377,377,0,0,0,0
01-650 North Tongass No. 2,01-650,BM#1 23RCF2,NO,C,,504,114,114,0,0,0,0
01-660 Saxman,01-660,U.S. Senator,"Darden, Dustin Thomas House",C,REP,71,0,0,0,0,0,0
01-660 Saxman,01-660,U.S. Senator,"Grauberger, Fred C.",C,REP,71,0,0,0,0,0,0
01-660 Saxman,01-660,U.S. Senator,"Grayson, Richard",C,GRN,71,0,0,0,0,0,0
01-660 Saxman,01-660,U.S. Senator,"Hafner, Carol ""Kitty""",C,DEM,71,1,1,0,0,0,0
01-660 Saxman,01-660,U.S. Senator,"Heikes, Gerald L.",C,REP,71,2,2,0,0,0,0
01-660 Saxman,01-660,U.S. Senator,"Hill, Sidney ""Sid""",C,UND,71,2,2,0,0,0,0
01-660 Saxman,01-660,U.S. Senator,"Kohlhaas, Scott A.",C,LIB,71,0,0,0,0,0,0
01-660 Saxman,01-660,U.S. Senator,"Leslie, David B.",C,DEM,71,4,4,0,0,0,0
01-660 Saxman,01-660,U.S. Senator,"Mayers, Richard B.",C,REP,71,0,0,0,0,0,0
01-660 Saxman,01-660,U.S. Senator,"McElwain, Heather",C,REP,71,0,0,0,0,0,0
01-660 Saxman,01-660,U.S. Senator,"Peltola, Mary",C,DEM,71,42,42,0,0,0,0
01-660 Saxman,01-660,U.S. Senator,"Roberts, Reece J.",C,NON,71,1,1,0,0,0,0
01-660 Saxman,01-660,U.S. Senator,"Saucerman, Shirley A.",C,NON,71,0,0,0,0,0,0
01-660 Saxman,01-660,U.S. Senator,"Southworth, Earl D. ""Skip""",C,RAP,71,0,0,0,0,0,0
01-660 Saxman,01-660,U.S. Senator,"Sullivan, Daniel J. Jr.",C,,71,0,0,0,0,0,0
01-660 Saxman,01-660,U.S. Senator,"Sullivan, Dan S.",C,REP,71,19,19,0,0,0,0
01-660 Saxman,01-660,House District 1,"Bynum, Jeremy T.",C,REP,71,25,25,0,0,0,0
01-660 Saxman,01-660,House District 1,"EchoHawk, Grant",C,NON,71,41,41,0,0,0,0
01-660 Saxman,01-660,BM#1 23RCF2,YES,C,,71,51,51,0,0,0,0
01-660 Saxman,01-660,BM#1 23RCF2,NO,C,,71,19,19,0,0,0,0
01-670 South Tongass,01-670,U.S. Senator,"Darden, Dustin Thomas House",C,REP,389,2,2,0,0,0,0
01-670 South Tongass,01-670,U.S. Senator,"Grauberger, Fred C.",C,REP,389,2,2,0,0,0,0
01-670 South Tongass,01-670,U.S. Senator,"Grayson, Richard",C,GRN,389,0,0,0,0,0,0
01-670 South Tongass,01-670,U.S. Senator,"Hafner, Carol ""Kitty""",C,DEM,389,3,3,0,0,0,0
01-670 South Tongass,01-670,U.S. Senator,"Heikes, Gerald L.",C,REP,389,6,6,0,0,0,0
01-670 South Tongass,01-670,U.S. Senator,"Hill, Sidney ""Sid""",C,UND,389,0,0,0,0,0,0
01-670 South Tongass,01-670,U.S. Senator,"Kohlhaas, Scott A.",C,LIB,389,2,2,0,0,0,0
01-670 South Tongass,01-670,U.S. Senator,"Leslie, David B.",C,DEM,389,4,4,0,0,0,0
01-670 South Tongass,01-670,U.S. Senator,"Mayers, Richard B.",C,REP,389,2,2,0,0,0,0
01-670 South Tongass,01-670,U.S. Senator,"McElwain, Heather",C,REP,389,0,0,0,0,0,0
01-670 South Tongass,01-670,U.S. Senator,"Peltola, Mary",C,DEM,389,157,157,0,0,0,0
01-670 South Tongass,01-670,U.S. Senator,"Roberts, Reece J.",C,NON,389,1,1,0,0,0,0
01-670 South Tongass,01-670,U.S. Senator,"Saucerman, Shirley A.",C,NON,389,0,0,0,0,0,0
01-670 South Tongass,01-670,U.S. Senator,"Southworth, Earl D. ""Skip""",C,RAP,389,0,0,0,0,0,0
01-670 South Tongass,01-670,U.S. Senator,"Sullivan, Daniel J. Jr.",C,,389,9,9,0,0,0,0
01-670 South Tongass,01-670,U.S. Senator,"Sullivan, Dan S.",C,REP,389,199,199,0,0,0,0
01-670 South Tongass,01-670,House District 1,"Bynum, Jeremy T.",C,REP,389,228,228,0,0,0,0
01-670 South Tongass,01-670,House District 1,"EchoHawk, Grant",C,NON,389,139,139,0,0,0,0
01-670 South Tongass,01-670,BM#1 23RCF2,YES,C,,389,280,280,0,0,0,0
01-670 South Tongass,01-670,BM#1 23RCF2,NO,C,,389,97,97,0,0,0,0
01-675 Coffman Cove,01-675,U.S. Senator,"Darden, Dustin Thomas House",C,REP,74,0,0,0,0,0,0
01-675 Coffman Cove,01-675,U.S. Senator,"Grauberger, Fred C.",C,REP,74,0,0,0,0,0,0
01-675 Coffman Cove,01-675,U.S. Senator,"Grayson, Richard",C,GRN,74,1,1,0,0,0,0
01-675 Coffman Cove,01-675,U.S. Senator,"Hafner, Carol ""Kitty""",C,DEM,74,1,1,0,0,0,0
01-675 Coffman Cove,01-675,U.S. Senator,"Heikes, Gerald L.",C,REP,74,1,1,0,0,0,0
01-675 Coffman Cove,01-675,U.S. Senator,"Hill, Sidney ""Sid""",C,UND,74,0,0,0,0,0,0
01-675 Coffman Cove,01-675,U.S. Senator,"Kohlhaas, Scott A.",C,LIB,74,0,0,0,0,0,0
01-675 Coffman Cove,01-675,U.S. Senator,"Leslie, David B.",C,DEM,74,0,0,0,0,0,0
01-675 Coffman Cove,01-675,U.S. Senator,"Mayers, Richard B.",C,REP,74,0,0,0,0,0,0
01-675 Coffman Cove,01-675,U.S. Senator,"McElwain, Heather",C,REP,74,1,1,0,0,0,0
01-675 Coffman Cove,01-675,U.S. Senator,"Peltola, Mary",C,DEM,74,23,23,0,0,0,0
01-675 Coffman Cove,01-675,U.S. Senator,"Roberts, Reece J.",C,NON,74,1,1,0,0,0,0
01-675 Coffman Cove,01-675,U.S. Senator,"Saucerman, Shirley A.",C,NON,74,0,0,0,0,0,0
01-675 Coffman Cove,01-675,U.S. Senator,"Southworth, Earl D. ""Skip""",C,RAP,74,1,1,0,0,0,0
01-675 Coffman Cove,01-675,U.S. Senator,"Sullivan, Daniel J. Jr.",C,,74,4,4,0,0,0,0
01-675 Coffman Cove,01-675,U.S. Senator,"Sullivan, Dan S.",C,REP,74,36,36,0,0,0,0
01-675 Coffman Cove,01-675,House District 1,"Bynum, Jeremy T.",C,REP,74,42,42,0,0,0,0
01-675 Coffman Cove,01-675,House District 1,"EchoHawk, Grant",C,NON,74,24,24,0,0,0,0
01-675 Coffman Cove,01-675,BM#1 23RCF2,YES,C,,74,51,51,0,0,0,0
01-675 Coffman Cove,01-675,BM#1 23RCF2,NO,C,,74,19,19,0,0,0,0
01-680 Metlakatla,01-680,U.S. Senator,"Darden, Dustin Thomas House",C,REP,150,0,0,0,0,0,0
01-680 Metlakatla,01-680,U.S. Senator,"Grauberger, Fred C.",C,REP,150,0,0,0,0,0,0
01-680 Metlakatla,01-680,U.S. Senator,"Grayson, Richard",C,GRN,150,2,2,0,0,0,0
01-680 Metlakatla,01-680,U.S. Senator,"Hafner, Carol ""Kitty""",C,DEM,150,2,2,0,0,0,0
01-680 Metlakatla,01-680,U.S. Senator,"Heikes, Gerald L.",C,REP,150,0,0,0,0,0,0
01-680 Metlakatla,01-680,U.S. Senator,"Hill, Sidney ""Sid""",C,UND,150,1,1,0,0,0,0
01-680 Metlakatla,01-680,U.S. Senator,"Kohlhaas, Scott A.",C,LIB,150,0,0,0,0,0,0
01-680 Metlakatla,01-680,U.S. Senator,"Leslie, David B.",C,DEM,150,1,1,0,0,0,0
01-680 Metlakatla,01-680,U.S. Senator,"Mayers, Richard B.",C,REP,150,0,0,0,0,0,0
01-680 Metlakatla,01-680,U.S. Senator,"McElwain, Heather",C,REP,150,0,0,0,0,0,0
01-680 Metlakatla,01-680,U.S. Senator,"Peltola, Mary",C,DEM,150,110,110,0,0,0,0
01-680 Metlakatla,01-680,U.S. Senator,"Roberts, Reece J.",C,NON,150,2,2,0,0,0,0
01-680 Metlakatla,01-680,U.S. Senator,"Saucerman, Shirley A.",C,NON,150,1,1,0,0,0,0
01-680 Metlakatla,01-680,U.S. Senator,"Southworth, Earl D. ""Skip""",C,RAP,150,0,0,0,0,0,0
01-680 Metlakatla,01-680,U.S. Senator,"Sullivan, Daniel J. Jr.",C,,150,3,3,0,0,0,0
01-680 Metlakatla,01-680,U.S. Senator,"Sullivan, Dan S.",C,REP,150,27,27,0,0,0,0
01-680 Metlakatla,01-680,House District 1,"Bynum, Jeremy T.",C,REP,150,35,35,0,0,0,0
01-680 Metlakatla,01-680,House District 1,"EchoHawk, Grant",C,NON,150,111,111,0,0,0,0
01-680 Metlakatla,01-680,BM#1 23RCF2,YES,C,,150,92,92,0,0,0,0
01-680 Metlakatla,01-680,BM#1 23RCF2,NO,C,,150,52,52,0,0,0,0
01-690 Wrangell,01-690,U.S. Senator,"Darden, Dustin Thomas House",C,REP,438,5,5,0,0,0,0
01-690 Wrangell,01-690,U.S. Senator,"Grauberger, Fred C.",C,REP,438,1,1,0,0,0,0
01-690 Wrangell,01-690,U.S. Senator,"Grayson, Richard",C,GRN,438,0,0,0,0,0,0
01-690 Wrangell,01-690,U.S. Senator,"Hafner, Carol ""Kitty""",C,DEM,438,3,3,0,0,0,0
01-690 Wrangell,01-690,U.S. Senator,"Heikes, Gerald L.",C,REP,438,13,13,0,0,0,0
01-690 Wrangell,01-690,U.S. Senator,"Hill, Sidney ""Sid""",C,UND,438,1,1,0,0,0,0
01-690 Wrangell,01-690,U.S. Senator,"Kohlhaas, Scott A.",C,LIB,438,2,2,0,0,0,0
01-690 Wrangell,01-690,U.S. Senator,"Leslie, David B.",C,DEM,438,2,2,0,0,0,0
01-690 Wrangell,01-690,U.S. Senator,"Mayers, Richard B.",C,REP,438,1,1,0,0,0,0
01-690 Wrangell,01-690,U.S. Senator,"McElwain, Heather",C,REP,438,4,4,0,0,0,0
01-690 Wrangell,01-690,U.S. Senator,"Peltola, Mary",C,DEM,438,159,159,0,0,0,0
01-690 Wrangell,01-690,U.S. Senator,"Roberts, Reece J.",C,NON,438,4,4,0,0,0,0
01-690 Wrangell,01-690,U.S. Senator,"Saucerman, Shirley A.",C,NON,438,0,0,0,0,0,0
01-690 Wrangell,01-690,U.S. Senator,"Southworth, Earl D. ""Skip""",C,RAP,438,7,7,0,0,0,0
01-690 Wrangell,01-690,U.S. Senator,"Sullivan, Daniel J. Jr.",C,,438,15,15,0,0,0,0
01-690 Wrangell,01-690,U.S. Senator,"Sullivan, Dan S.",C,REP,438,219,219,0,0,0,0
01-690 Wrangell,01-690,House District 1,"Bynum, Jeremy T.",C,REP,438,252,252,0,0,0,0
01-690 Wrangell,01-690,House District 1,"EchoHawk, Grant",C,NON,438,157,157,0,0,0,0
01-690 Wrangell,01-690,BM#1 23RCF2,YES,C,,438,339,339,0,0,0,0
01-690 Wrangell,01-690,BM#1 23RCF2,NO,C,,438,88,88,0,0,0,0
District 1 - Absentee,01,U.S. Senator,"Darden, Dustin Thomas House",C,REP,680,4,0,4,0,0,0
District 1 - Absentee,01,U.S. Senator,"Grauberger, Fred C.",C,REP,680,0,0,0,0,0,0
District 1 - Absentee,01,U.S. Senator,"Grayson, Richard",C,GRN,680,3,0,3,0,0,0
District 1 - Absentee,01,U.S. Senator,"Hafner, Carol ""Kitty""",C,DEM,680,6,0,6,0,0,0
District 1 - Absentee,01,U.S. Senator,"Heikes, Gerald L.",C,REP,680,2,0,2,0,0,0
District 1 - Absentee,01,U.S. Senator,"Hill, Sidney ""Sid""",C,UND,680,2,0,2,0,0,0
District 1 - Absentee,01,U.S. Senator,"Kohlhaas, Scott A.",C,LIB,680,3,0,3,0,0,0
District 1 - Absentee,01,U.S. Senator,"Leslie, David B.",C,DEM,680,4,0,4,0,0,0
District 1 - Absentee,01,U.S. Senator,"Mayers, Richard B.",C,REP,680,1,0,1,0,0,0
District 1 - Absentee,01,U.S. Senator,"McElwain, Heather",C,REP,680,1,0,1,0,0,0
District 1 - Absentee,01,U.S. Senator,"Peltola, Mary",C,DEM,680,344,0,344,0,0,0
District 1 - Absentee,01,U.S. Senator,"Roberts, Reece J.",C,NON,680,4,0,4,0,0,0
District 1 - Absentee,01,U.S. Senator,"Saucerman, Shirley A.",C,NON,680,1,0,1,0,0,0
District 1 - Absentee,01,U.S. Senator,"Southworth, Earl D. ""Skip""",C,RAP,680,1,0,1,0,0,0
District 1 - Absentee,01,U.S. Senator,"Sullivan, Daniel J. Jr.",C,,680,23,0,23,0,0,0
District 1 - Absentee,01,U.S. Senator,"Sullivan, Dan S.",C,REP,680,274,0,274,0,0,0
District 1 - Absentee,01,House District 1,"Bynum, Jeremy T.",C,REP,680,340,0,340,0,0,0
District 1 - Absentee,01,House District 1,"EchoHawk, Grant",C,NON,680,285,0,285,0,0,0
District 1 - Absentee,01,BM#1 23RCF2,YES,C,,680,520,0,520,0,0,0
District 1 - Absentee,01,BM#1 23RCF2,NO,C,,680,144,0,144,0,0,0
District 1 - Early Voting,,U.S. Senator,"Darden, Dustin Thomas House",C,REP,12,0,0,0,0,0,0
District 1 - Early Voting,,U.S. Senator,"Grauberger, Fred C.",C,REP,12,0,0,0,0,0,0
District 1 - Early Voting,,U.S. Senator,"Grayson, Richard",C,GRN,12,0,0,0,0,0,0
District 1 - Early Voting,,U.S. Senator,"Hafner, Carol ""Kitty""",C,DEM,12,0,0,0,0,0,0
District 1 - Early Voting,,U.S. Senator,"Heikes, Gerald L.",C,REP,12,0,0,0,0,0,0
District 1 - Early Voting,,U.S. Senator,"Hill, Sidney ""Sid""",C,UND,12,0,0,0,0,0,0
District 1 - Early Voting,,U.S. Senator,"Kohlhaas, Scott A.",C,LIB,12,0,0,0,0,0,0
District 1 - Early Voting,,U.S. Senator,"Leslie, David B.",C,DEM,12,0,0,0,0,0,0
District 1 - Early Voting,,U.S. Senator,"Mayers, Richard B.",C,REP,12,0,0,0,0,0,0
District 1 - Early Voting,,U.S. Senator,"McElwain, Heather",C,REP,12,0,0,0,0,0,0
District 1 - Early Voting,,U.S. Senator,"Peltola, Mary",C,DEM,12,7,0,0,7,0,0
District 1 - Early Voting,,U.S. Senator,"Roberts, Reece J.",C,NON,12,0,0,0,0,0,0
District 1 - Early Voting,,U.S. Senator,"Saucerman, Shirley A.",C,NON,12,0,0,0,0,0,0
District 1 - Early Voting,,U.S. Senator,"Southworth, Earl D. ""Skip""",C,RAP,12,0,0,0,0,0,0
District 1 - Early Voting,,U.S. Senator,"Sullivan, Daniel J. Jr.",C,,12,0,0,0,0,0,0
District 1 - Early Voting,,U.S. Senator,"Sullivan, Dan S.",C,REP,12,5,0,0,5,0,0
District 1 - Early Voting,,House District 1,"Bynum, Jeremy T.",C,REP,12,5,0,0,5,0,0
District 1 - Early Voting,,House District 1,"EchoHawk, Grant",C,NON,12,7,0,0,7,0,0
District 1 - Early Voting,,BM#1 23RCF2,YES,C,,12,7,0,0,7,0,0
District 1 - Early Voting,,BM#1 23RCF2,NO,C,,12,5,0,0,5,0,0
District 1  - Question,,House District 1,"Bynum, Jeremy T.",C,REP,223,79,0,0,0,79,0
District 1  - Question,,House District 1,"EchoHawk, Grant",C,NON,223,92,0,0,0,92,0
