chamber,district,census_name,at_large,polsby_popper,reock,convex_hull,area_sq_mi,perimeter_mi,parts,census_land_plus_water_sq_mi,area_over_census_area,shoreline
Senate,1,State Senate District 1,0,0.0503,0.1864,0.5353,3796.5,974.1,5,5591.9,0.6789,1
Senate,2,State Senate District 2,0,0.0327,0.1635,0.3241,3817.1,1210.4,12,5637.9,0.677,1
Senate,3,State Senate District 3,0,0.1165,0.3815,0.5512,1992.7,463.6,1,2137.5,0.9322,1
Senate,4,State Senate District 4,0,0.4248,0.5636,0.769,1198.1,188.3,1,1198.0,1.0,0
Senate,5,State Senate District 5,0,0.365,0.4028,0.871,1162.4,200.0,1,1162.4,1.0,0
Senate,6,State Senate District 6,0,0.479,0.599,0.9308,801.3,145.0,3,905.2,0.8852,1
Senate,7,State Senate District 7,0,0.2022,0.2537,0.6674,209.2,114.0,1,318.8,0.6562,1
Senate,8,State Senate District 8,0,0.4278,0.4601,0.8784,1854.4,233.4,1,2014.7,0.9205,1
Senate,9,State Senate District 9,0,0.2436,0.4354,0.7222,3973.2,452.8,1,4025.1,0.9871,0
Senate,10,State Senate District 10,0,0.648,0.6171,0.9281,795.6,124.2,1,795.6,1.0,0
Senate,11,State Senate District 11,0,0.4048,0.4642,0.7493,1306.0,201.4,1,1306.1,1.0,0
Senate,12,State Senate District 12,0,0.4169,0.3882,0.8325,899.1,164.6,1,899.1,1.0,0
Senate,13,State Senate District 13,0,0.1977,0.3032,0.7286,259.1,128.3,1,259.1,0.9999,0
Senate,14,State Senate District 14,0,0.1152,0.2851,0.5615,133.0,120.4,1,132.9,1.0002,0
Senate,15,State Senate District 15,0,0.1683,0.2415,0.6646,62.5,68.3,1,62.5,1.0002,0
Senate,16,State Senate District 16,0,0.2362,0.4104,0.6883,87.4,68.2,1,87.4,1.0,0
Senate,17,State Senate District 17,0,0.2323,0.3035,0.6456,89.3,69.5,1,89.3,1.0,0
Senate,18,State Senate District 18,0,0.2337,0.2856,0.6438,763.4,202.6,1,763.4,0.9999,0
Senate,19,State Senate District 19,0,0.3528,0.5314,0.7966,128.0,67.5,1,128.0,0.9996,0
Senate,20,State Senate District 20,0,0.3421,0.347,0.7315,784.8,169.8,1,784.8,1.0,0
Senate,21,State Senate District 21,0,0.1483,0.2178,0.5711,1236.3,323.7,1,1236.2,1.0001,0
Senate,22,State Senate District 22,0,0.4071,0.4667,0.8055,221.7,82.7,1,221.8,0.9996,0
Senate,23,State Senate District 23,0,0.5329,0.4972,0.8085,1233.7,170.6,1,1234.1,0.9997,0
Senate,24,State Senate District 24,0,0.4837,0.5192,0.9141,1661.8,207.8,1,1661.6,1.0002,0
Senate,25,State Senate District 25,0,0.2597,0.3316,0.5762,616.1,172.7,1,616.1,0.9999,0
Senate,26,State Senate District 26,0,0.218,0.4642,0.8051,985.7,238.4,1,985.7,1.0,0
Senate,27,State Senate District 27,0,0.2298,0.3014,0.6934,151.7,91.1,1,151.7,0.9999,0
Senate,28,State Senate District 28,0,0.2548,0.4444,0.7195,93.1,67.7,1,93.1,0.9999,0
Senate,29,State Senate District 29,0,0.2381,0.4143,0.6633,2307.3,349.0,1,2307.3,1.0,0
Senate,30,State Senate District 30,0,0.4583,0.4002,0.8271,834.1,151.2,1,834.1,1.0,0
Senate,31,State Senate District 31,0,0.3185,0.4831,0.7896,751.2,172.2,1,751.2,1.0,0
Senate,32,State Senate District 32,0,0.3651,0.6083,0.8188,117.4,63.6,1,117.4,0.9999,0
Senate,33,State Senate District 33,0,0.2973,0.3217,0.716,928.7,198.1,1,928.8,1.0,0
Senate,34,State Senate District 34,0,0.5741,0.4964,0.9425,341.9,86.5,1,341.8,1.0001,0
Senate,35,State Senate District 35,0,0.2375,0.3902,0.6328,480.7,159.5,1,480.9,0.9996,0
Senate,36,State Senate District 36,0,0.4168,0.463,0.7868,1894.0,239.0,1,1894.3,0.9999,0
Senate,37,State Senate District 37,0,0.42,0.3979,0.8089,626.3,136.9,1,626.4,1.0,0
Senate,38,State Senate District 38,0,0.3057,0.4926,0.7321,135.0,74.5,1,135.0,1.0,0
Senate,39,State Senate District 39,0,0.2033,0.3873,0.6019,114.0,84.0,1,113.8,1.0019,0
Senate,40,State Senate District 40,0,0.372,0.3477,0.7459,73.8,49.9,1,73.8,0.9996,0
Senate,41,State Senate District 41,0,0.3362,0.4092,0.715,88.7,57.6,1,88.7,1.0001,0
Senate,42,State Senate District 42,0,0.1956,0.3018,0.6917,105.7,82.4,1,105.8,0.9998,0
Senate,43,State Senate District 43,0,0.5253,0.5327,0.8356,298.2,84.5,1,298.2,0.9998,0
Senate,44,State Senate District 44,0,0.4636,0.386,0.8069,838.7,150.8,1,838.5,1.0003,0
Senate,45,State Senate District 45,0,0.3068,0.3192,0.7221,546.1,149.6,1,546.2,1.0,0
Senate,46,State Senate District 46,0,0.1516,0.2298,0.6391,1331.1,332.1,1,1331.1,1.0,0
Senate,47,State Senate District 47,0,0.1325,0.1879,0.5486,2702.9,506.2,1,2702.8,1.0,0
Senate,48,State Senate District 48,0,0.4008,0.4046,0.8372,1180.6,192.4,1,1180.8,0.9998,0
Senate,49,State Senate District 49,0,0.354,0.6746,0.8246,288.5,101.2,1,288.4,1.0001,0
Senate,50,State Senate District 50,0,0.4467,0.4261,0.9061,3333.0,306.2,1,3333.4,0.9999,0
House,1,State House District 1,0,0.0632,0.3471,0.527,1829.0,602.9,4,2644.6,0.6916,1
House,2,State House District 2,0,0.4073,0.4096,0.8022,537.0,128.7,1,537.1,0.9997,0
House,3,State House District 3,0,0.2286,0.3939,0.6874,646.4,188.5,1,672.8,0.9607,1
House,4,State House District 4,0,0.4121,0.4767,0.8072,1076.5,181.2,1,1076.5,1.0,0
House,5,State House District 5,0,0.2365,0.2698,0.7309,1179.2,250.3,1,1305.7,0.9031,1
House,6,State House District 6,0,0.4931,0.4842,0.8256,450.1,107.1,1,450.0,1.0,0
House,7,State House District 7,0,0.4037,0.4454,0.819,603.8,137.1,1,603.8,1.0001,0
House,8,State House District 8,0,0.3654,0.5126,0.8104,264.2,95.3,1,264.2,1.0001,0
House,9,State House District 9,0,0.2521,0.4691,0.7616,391.3,139.7,1,391.3,0.9999,0
House,10,State House District 10,0,0.3899,0.5973,0.8456,301.5,98.6,1,301.5,1.0001,0
House,11,State House District 11,0,0.4006,0.4339,0.776,28.6,30.0,1,28.6,1.0003,0
House,12,State House District 12,0,0.3166,0.3115,0.7574,1142.3,212.9,1,1142.3,1.0,0
House,13,State House District 13,0,0.0498,0.184,0.5054,649.1,404.6,7,1430.9,0.4537,1
House,14,State House District 14,0,0.207,0.5111,0.723,319.4,139.2,3,382.5,0.8352,1
House,15,State House District 15,0,0.363,0.4923,0.757,305.2,102.8,1,305.3,0.9997,0
House,16,State House District 16,0,0.3995,0.466,0.859,1058.9,182.5,1,1151.6,0.9195,1
House,17,State House District 17,0,0.2452,0.4047,0.7593,647.3,182.1,1,679.3,0.9528,1
House,18,State House District 18,0,0.3279,0.4634,0.7869,40.0,39.1,1,40.0,0.9999,0
House,19,State House District 19,0,0.1794,0.2545,0.6332,287.2,141.9,1,494.0,0.5815,1
House,20,State House District 20,0,0.2301,0.4877,0.7278,134.1,85.6,1,165.1,0.8123,1
House,21,State House District 21,0,0.3239,0.2578,0.8328,74.8,53.9,1,74.8,0.9998,0
House,22,State House District 22,0,0.3806,0.5271,0.8035,1835.5,246.2,1,1835.5,1.0,0
House,23,State House District 23,0,0.3674,0.472,0.7732,1672.6,239.2,1,1704.9,0.9811,1
House,24,State House District 24,0,0.6059,0.5582,0.8835,392.1,90.2,1,392.1,1.0001,0
House,25,State House District 25,0,0.4662,0.3995,0.9297,523.8,118.8,1,523.9,0.9999,0
House,26,State House District 26,0,0.4224,0.4492,0.8007,201.6,77.4,1,201.6,1.0,0
House,27,State House District 27,0,0.3819,0.4333,0.8956,1725.3,238.3,1,1725.1,1.0001,0
House,28,State House District 28,0,0.5259,0.5731,0.8877,518.8,111.3,1,518.8,0.9999,0
House,29,State House District 29,0,0.5801,0.5217,0.9338,45.1,31.3,1,45.1,0.9998,0
House,30,State House District 30,0,0.2866,0.4576,0.8083,38.4,41.0,1,38.4,0.9996,0
House,31,State House District 31,0,0.4832,0.4758,0.8188,81.6,46.1,1,81.6,0.9996,0
House,32,State House District 32,0,0.4452,0.5133,0.845,696.9,140.2,1,697.1,0.9998,0
House,33,State House District 33,0,0.31,0.3932,0.7591,75.9,55.5,1,76.0,0.9998,0
House,34,State House District 34,0,0.3198,0.4258,0.7761,27.3,32.7,1,27.3,1.0007,0
House,35,State House District 35,0,0.213,0.27,0.6491,164.9,98.6,1,164.9,1.0003,0
House,36,State House District 36,0,0.3564,0.4104,0.7873,62.4,46.9,1,62.4,1.0001,0
House,37,State House District 37,0,0.376,0.3278,0.8332,114.7,61.9,1,114.7,1.0002,0
House,38,State House District 38,0,0.3067,0.3434,0.686,31.1,35.7,1,31.1,0.9993,0
House,39,State House District 39,0,0.2707,0.4997,0.7369,120.9,74.9,1,120.9,1.0001,0
House,40,State House District 40,0,0.382,0.4838,0.7201,41.4,36.9,1,41.4,1.0001,0
House,41,State House District 41,0,0.3426,0.4614,0.7431,46.7,41.4,1,46.7,1.0002,0
House,42,State House District 42,0,0.2851,0.5516,0.7353,104.1,67.7,1,104.0,1.0009,0
House,43,State House District 43,0,0.3237,0.4704,0.7342,461.6,133.9,1,461.6,1.0001,0
House,44,State House District 44,0,0.3873,0.4856,0.8072,41.9,36.9,1,41.9,0.9994,0
House,45,State House District 45,0,0.3763,0.5056,0.8273,50.9,41.2,1,51.0,0.9994,0
House,46,State House District 46,0,0.2292,0.3172,0.6266,1337.3,270.8,1,1337.3,1.0,0
House,47,State House District 47,0,0.4594,0.5105,0.8629,567.3,124.6,1,567.0,1.0005,0
House,48,State House District 48,0,0.4729,0.4782,0.8641,712.2,137.6,1,712.3,0.9998,0
House,49,State House District 49,0,0.2984,0.4444,0.7115,31.6,36.5,1,31.6,0.9994,0
House,50,State House District 50,0,0.3701,0.382,0.699,773.3,162.0,1,773.5,0.9997,0
House,51,State House District 51,0,0.2904,0.4805,0.6718,491.0,145.8,1,491.0,1.0,0
House,52,State House District 52,0,0.2195,0.3518,0.6454,621.5,188.6,1,621.3,1.0004,0
House,53,State House District 53,0,0.2842,0.3473,0.634,226.6,100.1,1,226.6,0.9999,0
House,54,State House District 54,0,0.3776,0.4611,0.7694,763.0,159.3,1,763.0,1.0,0
House,55,State House District 55,0,0.4639,0.4801,0.8879,911.3,157.1,1,911.5,0.9997,0
House,56,State House District 56,0,0.5662,0.6343,0.9176,56.1,35.3,1,56.1,0.9999,0
House,57,State House District 57,0,0.3266,0.4853,0.8084,49.3,43.6,1,49.3,1.0005,0
House,58,State House District 58,0,0.301,0.4075,0.7282,54.8,47.8,1,54.8,1.0001,0
House,59,State House District 59,0,0.2145,0.3718,0.6903,322.7,137.5,1,322.7,1.0,0
House,60,State House District 60,0,0.3088,0.3814,0.7848,44.3,42.5,1,44.3,0.9998,0
House,61,State House District 61,0,0.2717,0.3497,0.7601,27.0,35.3,1,27.0,0.9995,0
House,62,State House District 62,0,0.3689,0.3987,0.8512,159.5,73.7,1,159.5,0.9999,0
House,63,State House District 63,0,0.4497,0.405,0.7912,195.5,73.9,1,195.5,0.9997,0
House,64,State House District 64,0,0.4793,0.4573,0.8364,238.7,79.1,1,238.7,0.9999,0
House,65,State House District 65,0,0.7646,0.5945,0.9993,572.7,97.0,1,572.8,1.0,0
House,66,State House District 66,0,0.2597,0.4214,0.7042,36.6,42.1,1,36.7,0.9996,0
House,67,State House District 67,0,0.4946,0.4443,0.8983,906.3,151.7,1,906.3,1.0,0
House,68,State House District 68,0,0.3769,0.476,0.7197,124.0,64.3,1,124.1,0.9994,0
House,69,State House District 69,0,0.5171,0.5001,0.9109,141.2,58.6,1,141.1,1.0002,0
House,70,State House District 70,0,0.5431,0.542,0.879,239.1,74.4,1,239.1,1.0,0
House,71,State House District 71,0,0.3978,0.4979,0.7986,45.8,38.0,1,45.9,0.9993,0
House,72,State House District 72,0,0.2641,0.3779,0.7457,39.4,43.3,1,39.4,1.0,0
House,73,State House District 73,0,0.2378,0.3287,0.723,146.5,88.0,1,146.4,1.0005,0
House,74,State House District 74,0,0.3018,0.3991,0.7019,131.8,74.1,1,131.8,1.0001,0
House,75,State House District 75,0,0.323,0.3113,0.7244,120.0,68.3,1,120.0,1.0001,0
House,76,State House District 76,0,0.4993,0.4305,0.8525,262.1,81.2,1,262.1,1.0,0
House,77,State House District 77,0,0.2989,0.4073,0.7253,743.6,176.8,1,743.5,1.0,0
House,78,State House District 78,0,0.2096,0.3408,0.6275,828.9,223.0,1,828.9,1.0,0
House,79,State House District 79,0,0.0533,0.2545,0.3753,2010.0,688.1,6,3988.7,0.5039,1
House,80,State House District 80,0,0.3227,0.2815,0.8054,300.9,108.2,1,300.9,0.9998,0
House,81,State House District 81,0,0.3234,0.4866,0.7539,266.6,101.8,1,266.6,1.0001,0
House,82,State House District 82,0,0.2212,0.3445,0.6938,172.6,99.0,1,172.6,0.9996,0
House,83,State House District 83,0,0.4253,0.5483,0.8057,167.5,70.3,1,167.5,1.0,0
House,84,State House District 84,0,0.5192,0.4971,0.8262,441.6,103.4,1,441.6,1.0,0
House,85,State House District 85,0,0.3111,0.4925,0.7202,1150.7,215.6,1,1150.6,1.0001,0
House,86,State House District 86,0,0.4505,0.4903,0.7961,514.2,119.8,1,514.2,0.9999,0
House,87,State House District 87,0,0.479,0.5226,0.8546,502.3,114.8,1,502.4,0.9998,0
House,88,State House District 88,0,0.4179,0.4522,0.8317,26.3,28.1,1,26.3,1.0,0
House,89,State House District 89,0,0.3005,0.3048,0.7375,353.7,121.6,1,353.7,0.9999,0
House,90,State House District 90,0,0.4008,0.4737,0.8304,745.7,152.9,1,746.0,0.9997,0
House,91,State House District 91,0,0.4854,0.5551,0.887,531.5,117.3,1,531.5,1.0,0
House,92,State House District 92,0,0.3669,0.3546,0.7457,72.1,49.7,1,71.9,1.0023,0
House,93,State House District 93,0,0.308,0.3259,0.7571,951.3,197.0,1,951.1,1.0001,0
House,94,State House District 94,0,0.3523,0.5498,0.7251,810.6,170.0,1,810.6,0.9999,0
House,95,State House District 95,0,0.6005,0.6157,0.8826,99.4,45.6,1,99.4,0.9999,0
House,96,State House District 96,0,0.3684,0.3585,0.8555,118.7,63.6,1,118.7,1.0,0
House,97,State House District 97,0,0.5168,0.3217,0.9685,304.9,86.1,1,304.9,1.0002,0
House,98,State House District 98,0,0.6049,0.5752,0.9319,66.8,37.3,1,66.8,0.9999,0
House,99,State House District 99,0,0.5016,0.4853,0.8398,28.7,26.8,1,28.7,0.9994,0
House,100,State House District 100,0,0.2061,0.281,0.5853,28.5,41.7,1,28.5,0.9991,0
House,101,State House District 101,0,0.247,0.4264,0.7001,69.3,59.4,1,69.3,1.0002,0
House,102,State House District 102,0,0.3042,0.4882,0.6872,20.6,29.2,1,20.6,1.0005,0
House,103,State House District 103,0,0.2627,0.279,0.6019,32.5,39.4,1,32.5,1.0012,0
House,104,State House District 104,0,0.3021,0.4012,0.7829,27.3,33.7,1,27.3,1.0003,0
House,105,State House District 105,0,0.1629,0.2154,0.6513,60.7,68.4,1,60.7,1.0,0
House,106,State House District 106,0,0.3822,0.4709,0.7223,40.3,36.4,1,40.3,1.0001,0
House,107,State House District 107,0,0.2923,0.4899,0.7684,37.5,40.2,1,37.5,0.9993,0
House,108,State House District 108,0,0.4307,0.461,0.8648,143.6,64.7,1,143.6,0.9999,0
House,109,State House District 109,0,0.48,0.4425,0.8884,88.7,48.2,1,88.7,0.9991,0
House,110,State House District 110,0,0.2934,0.3301,0.686,370.0,125.9,1,369.9,1.0001,0
House,111,State House District 111,0,0.2547,0.3562,0.6529,488.1,155.2,1,488.0,1.0002,0
House,112,State House District 112,0,0.5271,0.4274,0.8076,35.6,29.1,1,35.6,1.0003,0
House,113,State House District 113,0,0.2624,0.3894,0.7363,749.3,189.5,1,749.5,0.9998,0
House,114,State House District 114,0,0.1941,0.3628,0.6148,252.8,127.9,1,252.8,1.0,0
House,115,State House District 115,0,0.2259,0.357,0.679,351.8,139.9,1,351.8,1.0001,0
House,116,State House District 116,0,0.3136,0.5251,0.736,55.4,47.1,1,55.3,1.0002,0
House,117,State House District 117,0,0.2877,0.423,0.7828,250.2,104.5,1,250.2,1.0001,0
House,118,State House District 118,0,0.2643,0.4115,0.6976,1006.0,218.7,1,1006.0,1.0,0
House,119,State House District 119,0,0.2329,0.2756,0.6571,1415.4,276.3,1,1415.4,1.0,0
House,120,State House District 120,0,0.3817,0.4009,0.8761,1508.4,222.8,1,1508.8,0.9997,0
