chamber,district,census_name,population_2020,land_sq_mi,people_per_sq_mi,urban_pct,deviation_pct,acs_population,acs_population_moe,median_age,median_age_moe,median_household_income,median_household_income_moe,under_18_pct,under_18_pct_moe,65_and_over_pct,65_and_over_pct_moe,hispanic_pct,hispanic_pct_moe,white_alone_not_hispanic_pct,white_alone_not_hispanic_pct_moe,black_alone_not_hispanic_pct,black_alone_not_hispanic_pct_moe,asian_alone_not_hispanic_pct,asian_alone_not_hispanic_pct_moe,aian_alone_not_hispanic_pct,aian_alone_not_hispanic_pct_moe,nhpi_alone_not_hispanic_pct,nhpi_alone_not_hispanic_pct_moe,other_race_not_hispanic_pct,other_race_not_hispanic_pct_moe,two_or_more_races_not_hispanic_pct,two_or_more_races_not_hispanic_pct_moe,foreign_born_pct,foreign_born_pct_moe,below_poverty_pct,below_poverty_pct_moe,bachelors_or_higher_pct,bachelors_or_higher_pct_moe,owner_occupied_pct,owner_occupied_pct_moe
Senate,1,"State Senate District 1 (2024), Arizona",237896,8122.24,29.3,68.59,-0.2,246671,302,55.1,0.2,69555,1850,15.42,0.38,34.13,0.73,15.52,0.09,77.26,0.33,0.5,0.08,1.06,0.13,0.99,0.12,0.11,0.03,0.6,0.19,3.96,0.34,6.53,0.44,12.09,0.8,30.38,1.1,74.85,1.09
Senate,2,"State Senate District 2 (2024), Arizona",246674,77.81,3170.2,98.89,3.48,253802,5226,36.8,0.6,81548,1925,22.12,0.79,13.75,0.53,23.89,1.49,58.62,0.64,4.99,0.82,6.53,0.64,0.9,0.24,0.11,0.06,0.24,0.1,4.72,0.61,15.4,1.03,11.33,1.3,35.03,1.09,59.53,1.23
Senate,3,"State Senate District 3 (2024), Arizona",236955,1476.48,160.5,91.64,-0.6,240816,4285,52.3,0.6,132332,3450,17.78,0.66,28.35,0.68,7.34,0.83,81.61,1.19,1.3,0.36,4.46,0.66,0.42,0.09,0.06,0.04,0.61,0.22,4.2,0.38,9.44,0.58,6.15,0.59,57.43,1.08,83.78,1.02
Senate,4,"State Senate District 4 (2024), Arizona",244298,100.53,2430.1,99.88,2.48,246417,4277,45.3,0.9,110119,2716,16.99,0.68,22.98,0.66,11.56,0.85,75.04,0.84,2.12,0.49,5.77,0.72,0.51,0.22,0.22,0.11,0.48,0.17,4.3,0.41,12.06,0.83,6.45,0.68,59.98,0.97,67.52,0.76
Senate,5,"State Senate District 5 (2024), Arizona",239088,45.48,5257.0,99.96,0.3,241537,4715,36.4,0.6,72795,2061,17.9,0.69,14.38,0.59,35.33,1.66,47.3,0.97,6.72,0.63,3.21,0.42,2.32,0.43,0.23,0.11,0.51,0.18,4.38,0.51,15.0,0.87,15.75,1.16,42.43,1.31,43.28,1.3
Senate,6,"State Senate District 6 (2024), Arizona",225474,38557.17,5.8,27.38,-5.42,221081,1981,35.2,0.4,53804,1882,25.87,0.49,14.6,0.45,10.12,0.46,25.16,0.63,0.82,0.13,0.68,0.13,57.65,0.39,0.11,0.04,0.13,0.06,5.33,0.5,2.64,0.33,27.28,1.24,21.31,0.93,68.52,0.91
Senate,7,"State Senate District 7 (2024), Arizona",240214,10737.33,22.4,68.35,0.77,253467,3362,45.9,0.9,68654,1531,16.75,0.6,27.79,0.65,19.26,0.89,69.91,0.89,1.82,0.27,1.28,0.19,3.15,0.47,0.09,0.04,0.37,0.1,4.12,0.42,5.82,0.5,12.69,1.01,28.24,1.15,76.49,0.77
Senate,8,"State Senate District 8 (2024), Arizona",244166,132.73,1839.6,97.77,2.43,250737,4616,30.7,0.4,76772,2252,14.04,0.72,11.07,0.54,27.22,1.14,51.33,1.32,6.51,0.83,5.73,0.59,2.72,0.36,0.24,0.12,0.6,0.19,5.65,0.55,15.37,1.18,15.87,1.19,44.94,1.22,39.69,1.36
Senate,9,"State Senate District 9 (2024), Arizona",238117,39.15,6082.2,100.0,-0.11,236406,3624,33.5,0.6,70322,2128,23.3,0.87,12.97,0.52,37.01,1.39,48.79,1.44,4.49,0.67,2.13,0.34,1.95,0.34,0.3,0.13,0.6,0.23,4.75,0.6,14.85,0.94,14.17,1.22,28.04,0.94,51.74,1.19
Senate,10,"State Senate District 10 (2024), Arizona",235579,84.57,2785.6,99.76,-1.18,239291,3791,47.2,0.9,80144,2262,19.0,0.67,26.71,0.7,18.0,0.96,71.45,1.05,2.76,0.42,2.35,0.42,0.53,0.13,0.21,0.17,0.35,0.15,4.35,0.47,8.91,0.94,8.63,0.74,31.52,1.06,75.72,1.03
Senate,11,"State Senate District 11 (2024), Arizona",237844,106.11,2241.5,99.78,-0.23,239419,5712,33.5,0.6,75860,2606,25.91,0.85,9.97,0.52,57.17,1.93,18.87,1.23,15.41,1.17,2.97,0.35,1.82,0.35,0.31,0.13,0.48,0.17,2.97,0.45,19.74,1.05,17.19,1.28,23.64,1.17,63.18,1.53
Senate,12,"State Senate District 12 (2024), Arizona",238923,128.73,1856.0,99.72,0.23,243790,4351,38.3,0.7,103398,2196,20.22,0.8,14.75,0.49,19.29,1.01,59.3,1.27,4.96,0.6,8.51,0.87,1.78,0.48,0.32,0.18,0.63,0.22,5.21,0.58,12.12,0.84,7.51,0.69,50.9,1.24,63.56,1.1
Senate,13,"State Senate District 13 (2024), Arizona",237866,63.03,3773.9,100.0,-0.22,237864,3651,40.4,0.8,108196,2312,21.49,0.75,18.12,0.63,20.54,1.08,56.25,1.11,5.07,0.68,11.54,0.65,1.04,0.31,0.14,0.12,0.57,0.18,4.85,0.49,16.14,0.69,8.31,0.87,47.57,1.28,69.24,1.0
Senate,14,"State Senate District 14 (2024), Arizona",241692,66.99,3607.9,100.0,1.39,253967,2267,35.8,0.6,126890,2908,29.25,0.91,10.25,0.44,17.5,1.0,66.14,1.13,3.1,0.63,6.41,0.77,0.73,0.25,0.05,0.04,0.53,0.18,5.55,0.55,8.88,0.59,4.68,0.54,49.1,1.28,74.39,1.18
Senate,15,"State Senate District 15 (2024), Arizona",240028,223.83,1072.4,96.77,0.69,266581,4615,36.1,0.6,112340,2531,27.3,0.71,14.09,0.58,20.93,1.11,66.43,0.81,3.56,0.53,2.6,0.34,0.64,0.21,0.25,0.14,0.43,0.15,5.17,0.51,7.38,0.6,5.94,0.78,34.97,0.96,85.1,0.4
Senate,16,"State Senate District 16 (2024), Arizona",236940,2999.12,79.0,67.9,-0.61,261084,4048,39.0,0.7,76249,2311,22.31,0.65,18.5,0.57,36.3,1.03,43.59,0.97,6.12,0.42,1.83,0.29,6.3,0.45,0.51,0.09,0.62,0.21,4.74,0.48,10.13,0.59,13.54,1.11,20.85,0.97,78.74,1.12
Senate,17,"State Senate District 17 (2024), Arizona",239669,1257.38,190.6,86.4,0.54,249296,3585,46.7,0.7,99900,3421,19.75,0.66,27.27,0.62,21.05,0.81,67.08,0.93,2.73,0.4,3.03,0.41,0.47,0.17,0.08,0.05,0.52,0.18,5.05,0.65,7.57,0.53,6.36,0.67,47.02,1.13,82.26,0.99
Senate,18,"State Senate District 18 (2024), Arizona",243411,95.27,2555.0,99.73,2.11,244209,4339,45.5,0.8,71906,2244,15.95,0.58,26.16,0.51,22.56,1.2,62.68,0.74,3.79,0.44,4.09,0.43,0.81,0.25,0.1,0.06,0.49,0.14,5.48,0.55,10.5,0.65,10.94,0.78,46.27,1.0,56.77,0.91
Senate,19,"State Senate District 19 (2024), Arizona",230476,11795.62,19.5,62.7,-3.32,233949,3039,44.8,0.6,69314,2286,20.23,0.55,28.1,0.61,30.04,0.59,59.89,0.58,2.73,0.39,1.67,0.28,0.63,0.13,0.14,0.1,0.47,0.18,4.43,0.41,8.59,0.5,11.56,0.72,30.86,0.92,76.33,0.89
Senate,20,"State Senate District 20 (2024), Arizona",238486,86.67,2751.7,99.51,0.04,241065,4181,31.3,0.6,47249,1424,18.58,0.71,14.49,0.53,53.01,0.97,34.91,1.2,2.63,0.5,3.19,0.37,2.71,0.29,0.18,0.11,0.3,0.1,3.08,0.34,15.67,0.68,24.74,1.45,27.63,1.26,48.62,1.08
Senate,21,"State Senate District 21 (2024), Arizona",244412,2110.9,115.8,82.24,2.53,246628,4426,34.7,0.5,59248,1912,24.72,0.68,14.46,0.5,59.74,1.09,29.82,0.79,4.02,0.43,1.63,0.38,0.99,0.24,0.14,0.09,0.42,0.12,3.23,0.46,19.7,0.89,19.19,1.62,22.45,0.87,63.78,1.25
Senate,22,"State Senate District 22 (2024), Arizona",238320,110.37,2159.3,99.13,-0.03,257571,4803,31.1,0.5,84645,2419,28.57,0.8,7.57,0.42,62.04,1.12,19.78,1.08,11.02,1.25,2.55,0.32,0.97,0.32,0.09,0.06,0.47,0.19,3.08,0.59,21.8,1.03,11.46,1.01,17.37,0.89,60.4,1.74
Senate,23,"State Senate District 23 (2024), Arizona",232246,11309.78,20.5,80.84,-2.57,241104,3609,35.3,0.8,72649,2135,25.81,0.8,14.62,0.56,62.56,0.91,25.53,0.87,3.43,0.64,1.31,0.27,4.22,0.46,0.1,0.06,0.46,0.18,2.39,0.44,21.72,0.8,15.1,1.19,20.0,1.11,71.91,1.32
Senate,24,"State Senate District 24 (2024), Arizona",234992,31.7,7413.0,100.0,-1.42,236250,5330,30.6,0.5,63324,1751,28.71,0.85,9.67,0.53,67.59,1.83,19.24,0.94,6.39,0.8,2.39,0.41,1.26,0.36,0.07,0.05,0.21,0.1,2.85,0.49,26.49,1.31,18.81,1.64,12.23,0.76,53.53,1.61
Senate,25,"State Senate District 25 (2024), Arizona",243005,5327.27,45.6,82.66,1.94,275769,3690,37.9,0.6,88633,1759,24.78,0.85,18.49,0.52,38.48,1.42,49.55,1.21,4.2,0.62,1.74,0.33,0.97,0.34,0.12,0.08,0.48,0.17,4.48,0.54,11.82,0.72,8.48,0.94,23.54,0.93,83.21,1.12
Senate,26,"State Senate District 26 (2024), Arizona",237193,32.89,7211.7,100.0,-0.5,241317,5680,30.2,0.8,59504,1978,27.55,0.78,8.9,0.49,63.94,1.61,19.67,1.12,7.41,0.81,3.16,0.63,1.66,0.33,0.19,0.12,0.42,0.22,3.56,0.64,28.92,1.41,22.01,1.41,15.74,1.01,46.87,1.32
Senate,27,"State Senate District 27 (2024), Arizona",240634,58.88,4086.9,100.0,0.94,243762,4962,37.9,0.8,84663,2393,21.17,0.73,16.04,0.6,27.45,1.44,57.88,1.09,3.76,0.57,4.07,0.53,1.07,0.27,0.08,0.05,0.39,0.16,5.3,0.64,12.64,0.92,10.78,1.11,29.65,0.95,67.04,1.27
Senate,28,"State Senate District 28 (2024), Arizona",228803,299.12,764.9,98.27,-4.02,232401,4078,54.6,0.7,87326,2475,17.49,0.74,36.27,0.72,9.86,0.73,77.87,0.94,2.18,0.46,4.62,0.62,0.44,0.11,0.08,0.05,0.31,0.1,4.63,0.66,8.85,0.7,6.93,0.74,38.75,1.08,84.17,0.76
Senate,29,"State Senate District 29 (2024), Arizona",240102,386.72,620.9,91.76,0.72,256972,3412,40.1,0.6,92494,1885,22.79,0.82,20.75,0.66,27.02,1.35,57.93,1.42,4.97,0.63,2.68,0.36,0.8,0.29,0.29,0.13,0.82,0.26,5.49,0.69,8.95,0.62,9.2,0.94,30.43,1.03,76.32,1.3
Senate,30,"State Senate District 30 (2024), Arizona",237999,17789.56,13.4,74.12,-0.16,245615,798,55.1,0.3,57263,1394,15.71,0.35,34.2,0.82,17.38,0.22,74.59,0.36,1.03,0.17,1.12,0.11,1.5,0.16,0.16,0.04,0.26,0.12,3.96,0.33,6.37,0.48,15.87,0.91,15.94,0.73,74.39,0.86
House,1,"State House District 1 (2024), Arizona",237896,8122.24,29.3,68.59,-0.2,246671,302,55.1,0.2,69555,1850,15.42,0.38,34.13,0.73,15.52,0.09,77.26,0.33,0.5,0.08,1.06,0.13,0.99,0.12,0.11,0.03,0.6,0.19,3.96,0.34,6.53,0.44,12.09,0.8,30.38,1.1,74.85,1.09
House,2,"State House District 2 (2024), Arizona",246674,77.81,3170.2,98.89,3.48,253802,5226,36.8,0.6,81548,1925,22.12,0.79,13.75,0.53,23.89,1.49,58.62,0.64,4.99,0.82,6.53,0.64,0.9,0.24,0.11,0.06,0.24,0.1,4.72,0.61,15.4,1.03,11.33,1.3,35.03,1.09,59.53,1.23
House,3,"State House District 3 (2024), Arizona",236955,1476.48,160.5,91.64,-0.6,240816,4285,52.3,0.6,132332,3450,17.78,0.66,28.35,0.68,7.34,0.83,81.61,1.19,1.3,0.36,4.46,0.66,0.42,0.09,0.06,0.04,0.61,0.22,4.2,0.38,9.44,0.58,6.15,0.59,57.43,1.08,83.78,1.02
House,4,"State House District 4 (2024), Arizona",244298,100.53,2430.1,99.88,2.48,246417,4277,45.3,0.9,110119,2716,16.99,0.68,22.98,0.66,11.56,0.85,75.04,0.84,2.12,0.49,5.77,0.72,0.51,0.22,0.22,0.11,0.48,0.17,4.3,0.41,12.06,0.83,6.45,0.68,59.98,0.97,67.52,0.76
House,5,"State House District 5 (2024), Arizona",239088,45.48,5257.0,99.96,0.3,241537,4715,36.4,0.6,72795,2061,17.9,0.69,14.38,0.59,35.33,1.66,47.3,0.97,6.72,0.63,3.21,0.42,2.32,0.43,0.23,0.11,0.51,0.18,4.38,0.51,15.0,0.87,15.75,1.16,42.43,1.31,43.28,1.3
House,6,"State House District 6 (2024), Arizona",225474,38557.17,5.8,27.38,-5.42,221081,1981,35.2,0.4,53804,1882,25.87,0.49,14.6,0.45,10.12,0.46,25.16,0.63,0.82,0.13,0.68,0.13,57.65,0.39,0.11,0.04,0.13,0.06,5.33,0.5,2.64,0.33,27.28,1.24,21.31,0.93,68.52,0.91
House,7,"State House District 7 (2024), Arizona",240214,10737.33,22.4,68.35,0.77,253467,3362,45.9,0.9,68654,1531,16.75,0.6,27.79,0.65,19.26,0.89,69.91,0.89,1.82,0.27,1.28,0.19,3.15,0.47,0.09,0.04,0.37,0.1,4.12,0.42,5.82,0.5,12.69,1.01,28.24,1.15,76.49,0.77
House,8,"State House District 8 (2024), Arizona",244166,132.73,1839.6,97.77,2.43,250737,4616,30.7,0.4,76772,2252,14.04,0.72,11.07,0.54,27.22,1.14,51.33,1.32,6.51,0.83,5.73,0.59,2.72,0.36,0.24,0.12,0.6,0.19,5.65,0.55,15.37,1.18,15.87,1.19,44.94,1.22,39.69,1.36
House,9,"State House District 9 (2024), Arizona",238117,39.15,6082.2,100.0,-0.11,236406,3624,33.5,0.6,70322,2128,23.3,0.87,12.97,0.52,37.01,1.39,48.79,1.44,4.49,0.67,2.13,0.34,1.95,0.34,0.3,0.13,0.6,0.23,4.75,0.6,14.85,0.94,14.17,1.22,28.04,0.94,51.74,1.19
House,10,"State House District 10 (2024), Arizona",235579,84.57,2785.6,99.76,-1.18,239291,3791,47.2,0.9,80144,2262,19.0,0.67,26.71,0.7,18.0,0.96,71.45,1.05,2.76,0.42,2.35,0.42,0.53,0.13,0.21,0.17,0.35,0.15,4.35,0.47,8.91,0.94,8.63,0.74,31.52,1.06,75.72,1.03
House,11,"State House District 11 (2024), Arizona",237844,106.11,2241.5,99.78,-0.23,239419,5712,33.5,0.6,75860,2606,25.91,0.85,9.97,0.52,57.17,1.93,18.87,1.23,15.41,1.17,2.97,0.35,1.82,0.35,0.31,0.13,0.48,0.17,2.97,0.45,19.74,1.05,17.19,1.28,23.64,1.17,63.18,1.53
House,12,"State House District 12 (2024), Arizona",238923,128.73,1856.0,99.72,0.23,243790,4351,38.3,0.7,103398,2196,20.22,0.8,14.75,0.49,19.29,1.01,59.3,1.27,4.96,0.6,8.51,0.87,1.78,0.48,0.32,0.18,0.63,0.22,5.21,0.58,12.12,0.84,7.51,0.69,50.9,1.24,63.56,1.1
House,13,"State House District 13 (2024), Arizona",237866,63.03,3773.9,100.0,-0.22,237864,3651,40.4,0.8,108196,2312,21.49,0.75,18.12,0.63,20.54,1.08,56.25,1.11,5.07,0.68,11.54,0.65,1.04,0.31,0.14,0.12,0.57,0.18,4.85,0.49,16.14,0.69,8.31,0.87,47.57,1.28,69.24,1.0
House,14,"State House District 14 (2024), Arizona",241692,66.99,3607.9,100.0,1.39,253967,2267,35.8,0.6,126890,2908,29.25,0.91,10.25,0.44,17.5,1.0,66.14,1.13,3.1,0.63,6.41,0.77,0.73,0.25,0.05,0.04,0.53,0.18,5.55,0.55,8.88,0.59,4.68,0.54,49.1,1.28,74.39,1.18
House,15,"State House District 15 (2024), Arizona",240028,223.83,1072.4,96.77,0.69,266581,4615,36.1,0.6,112340,2531,27.3,0.71,14.09,0.58,20.93,1.11,66.43,0.81,3.56,0.53,2.6,0.34,0.64,0.21,0.25,0.14,0.43,0.15,5.17,0.51,7.38,0.6,5.94,0.78,34.97,0.96,85.1,0.4
House,16,"State House District 16 (2024), Arizona",236940,2999.12,79.0,67.9,-0.61,261084,4048,39.0,0.7,76249,2311,22.31,0.65,18.5,0.57,36.3,1.03,43.59,0.97,6.12,0.42,1.83,0.29,6.3,0.45,0.51,0.09,0.62,0.21,4.74,0.48,10.13,0.59,13.54,1.11,20.85,0.97,78.74,1.12
House,17,"State House District 17 (2024), Arizona",239669,1257.38,190.6,86.4,0.54,249296,3585,46.7,0.7,99900,3421,19.75,0.66,27.27,0.62,21.05,0.81,67.08,0.93,2.73,0.4,3.03,0.41,0.47,0.17,0.08,0.05,0.52,0.18,5.05,0.65,7.57,0.53,6.36,0.67,47.02,1.13,82.26,0.99
House,18,"State House District 18 (2024), Arizona",243411,95.27,2555.0,99.73,2.11,244209,4339,45.5,0.8,71906,2244,15.95,0.58,26.16,0.51,22.56,1.2,62.68,0.74,3.79,0.44,4.09,0.43,0.81,0.25,0.1,0.06,0.49,0.14,5.48,0.55,10.5,0.65,10.94,0.78,46.27,1.0,56.77,0.91
House,19,"State House District 19 (2024), Arizona",230476,11795.62,19.5,62.7,-3.32,233949,3039,44.8,0.6,69314,2286,20.23,0.55,28.1,0.61,30.04,0.59,59.89,0.58,2.73,0.39,1.67,0.28,0.63,0.13,0.14,0.1,0.47,0.18,4.43,0.41,8.59,0.5,11.56,0.72,30.86,0.92,76.33,0.89
House,20,"State House District 20 (2024), Arizona",238486,86.67,2751.7,99.51,0.04,241065,4181,31.3,0.6,47249,1424,18.58,0.71,14.49,0.53,53.01,0.97,34.91,1.2,2.63,0.5,3.19,0.37,2.71,0.29,0.18,0.11,0.3,0.1,3.08,0.34,15.67,0.68,24.74,1.45,27.63,1.26,48.62,1.08
House,21,"State House District 21 (2024), Arizona",244412,2110.9,115.8,82.24,2.53,246628,4426,34.7,0.5,59248,1912,24.72,0.68,14.46,0.5,59.74,1.09,29.82,0.79,4.02,0.43,1.63,0.38,0.99,0.24,0.14,0.09,0.42,0.12,3.23,0.46,19.7,0.89,19.19,1.62,22.45,0.87,63.78,1.25
House,22,"State House District 22 (2024), Arizona",238320,110.37,2159.3,99.13,-0.03,257571,4803,31.1,0.5,84645,2419,28.57,0.8,7.57,0.42,62.04,1.12,19.78,1.08,11.02,1.25,2.55,0.32,0.97,0.32,0.09,0.06,0.47,0.19,3.08,0.59,21.8,1.03,11.46,1.01,17.37,0.89,60.4,1.74
House,23,"State House District 23 (2024), Arizona",232246,11309.78,20.5,80.84,-2.57,241104,3609,35.3,0.8,72649,2135,25.81,0.8,14.62,0.56,62.56,0.91,25.53,0.87,3.43,0.64,1.31,0.27,4.22,0.46,0.1,0.06,0.46,0.18,2.39,0.44,21.72,0.8,15.1,1.19,20.0,1.11,71.91,1.32
House,24,"State House District 24 (2024), Arizona",234992,31.7,7413.0,100.0,-1.42,236250,5330,30.6,0.5,63324,1751,28.71,0.85,9.67,0.53,67.59,1.83,19.24,0.94,6.39,0.8,2.39,0.41,1.26,0.36,0.07,0.05,0.21,0.1,2.85,0.49,26.49,1.31,18.81,1.64,12.23,0.76,53.53,1.61
House,25,"State House District 25 (2024), Arizona",243005,5327.27,45.6,82.66,1.94,275769,3690,37.9,0.6,88633,1759,24.78,0.85,18.49,0.52,38.48,1.42,49.55,1.21,4.2,0.62,1.74,0.33,0.97,0.34,0.12,0.08,0.48,0.17,4.48,0.54,11.82,0.72,8.48,0.94,23.54,0.93,83.21,1.12
House,26,"State House District 26 (2024), Arizona",237193,32.89,7211.7,100.0,-0.5,241317,5680,30.2,0.8,59504,1978,27.55,0.78,8.9,0.49,63.94,1.61,19.67,1.12,7.41,0.81,3.16,0.63,1.66,0.33,0.19,0.12,0.42,0.22,3.56,0.64,28.92,1.41,22.01,1.41,15.74,1.01,46.87,1.32
House,27,"State House District 27 (2024), Arizona",240634,58.88,4086.9,100.0,0.94,243762,4962,37.9,0.8,84663,2393,21.17,0.73,16.04,0.6,27.45,1.44,57.88,1.09,3.76,0.57,4.07,0.53,1.07,0.27,0.08,0.05,0.39,0.16,5.3,0.64,12.64,0.92,10.78,1.11,29.65,0.95,67.04,1.27
House,28,"State House District 28 (2024), Arizona",228803,299.12,764.9,98.27,-4.02,232401,4078,54.6,0.7,87326,2475,17.49,0.74,36.27,0.72,9.86,0.73,77.87,0.94,2.18,0.46,4.62,0.62,0.44,0.11,0.08,0.05,0.31,0.1,4.63,0.66,8.85,0.7,6.93,0.74,38.75,1.08,84.17,0.76
House,29,"State House District 29 (2024), Arizona",240102,386.72,620.9,91.76,0.72,256972,3412,40.1,0.6,92494,1885,22.79,0.82,20.75,0.66,27.02,1.35,57.93,1.42,4.97,0.63,2.68,0.36,0.8,0.29,0.29,0.13,0.82,0.26,5.49,0.69,8.95,0.62,9.2,0.94,30.43,1.03,76.32,1.3
House,30,"State House District 30 (2024), Arizona",237999,17789.56,13.4,74.12,-0.16,245615,798,55.1,0.3,57263,1394,15.71,0.35,34.2,0.82,17.38,0.22,74.59,0.36,1.03,0.17,1.12,0.11,1.5,0.16,0.16,0.04,0.26,0.12,3.96,0.33,6.37,0.48,15.87,0.91,15.94,0.73,74.39,0.86
