district,state,number,census_name,at_large,polsby_popper,reock,convex_hull,area_sq_mi,perimeter_mi,parts,census_land_plus_water_sq_mi,area_over_census_area,shoreline
AK-AL,AK,0,Congressional District (at Large),1,0.011,0.1453,0.3535,587103.2,25956.8,549,665724.9,0.8819,1
AL-1,AL,1,Congressional District 1,0,0.1117,0.1996,0.5629,7394.4,912.1,5,8118.9,0.9108,1
AL-2,AL,2,Congressional District 2,0,0.145,0.223,0.6048,9555.9,910.2,1,9555.7,1.0,0
AL-3,AL,3,Congressional District 3,0,0.3585,0.4086,0.8077,6870.4,490.7,1,6870.3,1.0,0
AL-4,AL,4,Congressional District 4,0,0.201,0.3284,0.6107,8854.5,744.1,1,8853.6,1.0001,0
AL-5,AL,5,Congressional District 5,0,0.4034,0.3646,0.9062,4066.8,355.9,2,4066.7,1.0,0
AL-6,AL,6,Congressional District 6,0,0.2045,0.4502,0.7055,4554.9,529.0,1,4554.7,1.0,0
AL-7,AL,7,Congressional District 7,0,0.2106,0.4582,0.7092,10399.4,787.8,1,10400.3,0.9999,0
AR-1,AR,1,Congressional District 1,0,0.1245,0.3394,0.6834,20400.3,1434.8,1,20400.3,1.0,0
AR-2,AR,2,Congressional District 2,0,0.2725,0.4887,0.7662,5441.4,500.9,1,5441.3,1.0,0
AR-3,AR,3,Congressional District 3,0,0.4338,0.4378,0.8327,4244.2,350.6,1,4245.0,0.9998,0
AR-4,AR,4,Congressional District 4,0,0.2656,0.483,0.7955,23112.0,1045.7,1,23111.1,1.0,0
AZ-1,AZ,1,Congressional District 1,0,0.3815,0.447,0.8416,1614.2,230.6,1,1614.2,1.0,0
AZ-2,AZ,2,Congressional District 2,0,0.3019,0.6343,0.8423,58491.9,1560.3,1,58490.8,1.0,0
AZ-3,AZ,3,Congressional District 3,0,0.393,0.4994,0.8316,206.5,81.3,1,206.5,0.9999,0
AZ-4,AZ,4,Congressional District 4,0,0.2149,0.242,0.6494,179.8,102.5,1,179.8,1.0002,0
AZ-5,AZ,5,Congressional District 5,0,0.3148,0.5425,0.7309,405.7,127.3,1,405.8,1.0,0
AZ-6,AZ,6,Congressional District 6,0,0.2271,0.3969,0.7009,13713.7,871.2,1,13711.3,1.0002,0
AZ-7,AZ,7,Congressional District 7,0,0.1792,0.1862,0.688,15424.2,1039.9,1,15422.9,1.0001,0
AZ-8,AZ,8,Congressional District 8,0,0.3207,0.4961,0.7597,578.8,150.6,1,578.8,1.0,0
AZ-9,AZ,9,Congressional District 9,0,0.1834,0.2845,0.6234,23375.3,1265.5,1,23375.2,1.0,0
CA-1,CA,1,Congressional District 1,0,0.2228,0.4971,0.7767,27049.2,1235.0,1,27048.3,1.0,0
CA-2,CA,2,Congressional District 2,0,0.1546,0.1833,0.6001,13162.4,1034.4,3,14629.6,0.8997,1
CA-3,CA,3,Congressional District 3,0,0.1352,0.1379,0.5428,22048.5,1431.5,1,22048.6,1.0,0
CA-4,CA,4,Congressional District 4,0,0.184,0.3344,0.6801,3910.6,516.7,1,3927.0,0.9958,0
CA-5,CA,5,Congressional District 5,0,0.1718,0.2951,0.7463,9967.6,853.8,1,9967.8,1.0,0
CA-6,CA,6,Congressional District 6,0,0.3325,0.3205,0.8422,254.2,98.0,1,254.3,1.0,0
CA-7,CA,7,Congressional District 7,0,0.2549,0.292,0.6405,707.0,186.7,1,707.0,1.0,0
CA-8,CA,8,Congressional District 8,0,0.1795,0.3956,0.6205,555.4,197.2,1,615.1,0.9029,1
CA-9,CA,9,Congressional District 9,0,0.2497,0.5406,0.8104,1383.3,263.9,1,1383.3,1.0,0
CA-10,CA,10,Congressional District 10,0,0.2373,0.4679,0.7422,560.9,172.4,1,561.0,0.9999,0
CA-11,CA,11,Congressional District 11,0,0.307,0.0396,0.2396,41.9,41.4,4,226.6,0.1851,1
CA-12,CA,12,Congressional District 12,0,0.2783,0.3849,0.8244,97.4,66.3,1,141.3,0.6894,1
CA-13,CA,13,Congressional District 13,0,0.2359,0.3851,0.7763,6349.1,581.5,1,6349.2,1.0,0
CA-14,CA,14,Congressional District 14,0,0.3327,0.3683,0.7334,587.1,148.9,1,609.4,0.9634,1
CA-15,CA,15,Congressional District 15,0,0.221,0.2071,0.6411,121.0,82.9,1,228.6,0.5291,1
CA-16,CA,16,Congressional District 16,0,0.156,0.3055,0.6071,535.0,207.6,1,713.5,0.7498,1
CA-17,CA,17,Congressional District 17,0,0.2396,0.5006,0.742,182.0,97.7,1,187.7,0.9697,1
CA-18,CA,18,Congressional District 18,0,0.1776,0.2668,0.7664,4607.9,570.9,1,4607.9,1.0,0
CA-19,CA,19,Congressional District 19,0,0.0755,0.1216,0.3783,2833.2,686.7,1,3584.2,0.7905,1
CA-20,CA,20,Congressional District 20,0,0.0992,0.3411,0.5986,9722.7,1109.8,1,9722.6,1.0,0
CA-21,CA,21,Congressional District 21,0,0.1981,0.2699,0.7451,893.5,238.1,1,893.5,0.9999,0
CA-22,CA,22,Congressional District 22,0,0.314,0.4991,0.7908,4320.8,415.8,1,4320.7,1.0,0
CA-23,CA,23,Congressional District 23,0,0.4375,0.5993,0.9098,17986.1,718.8,1,17985.4,1.0,0
CA-24,CA,24,Congressional District 24,0,0.1535,0.195,0.464,4917.3,634.4,8,6357.8,0.7734,1
CA-25,CA,25,Congressional District 25,0,0.165,0.4188,0.6058,12352.3,970.0,1,12352.0,1.0,0
CA-26,CA,26,Congressional District 26,0,0.3078,0.4292,0.866,1725.8,265.4,1,1835.1,0.9404,1
CA-27,CA,27,Congressional District 27,0,0.3784,0.5191,0.8938,1528.5,225.3,1,1528.5,1.0,0
CA-28,CA,28,Congressional District 28,0,0.139,0.437,0.6998,789.7,267.2,1,789.7,1.0,0
CA-29,CA,29,Congressional District 29,0,0.1843,0.3504,0.5953,129.4,93.9,1,129.3,1.0003,0
CA-30,CA,30,Congressional District 30,0,0.1568,0.3053,0.635,180.1,120.1,1,180.1,1.0001,0
CA-31,CA,31,Congressional District 31,0,0.1128,0.3495,0.6718,210.9,153.3,1,211.0,0.9999,0
CA-32,CA,32,Congressional District 32,0,0.183,0.3217,0.72,296.7,142.7,1,388.6,0.7633,1
CA-33,CA,33,Congressional District 33,0,0.195,0.2706,0.6795,190.3,110.7,1,190.3,1.0,0
CA-34,CA,34,Congressional District 34,0,0.2172,0.3965,0.6841,50.0,53.8,1,50.0,0.9993,0
CA-35,CA,35,Congressional District 35,0,0.2569,0.3595,0.7113,177.5,93.2,1,177.4,1.0002,0
CA-36,CA,36,Congressional District 36,0,0.1262,0.1675,0.4936,97.1,98.3,2,194.6,0.4988,1
CA-37,CA,37,Congressional District 37,0,0.3053,0.4716,0.7756,52.9,46.6,1,52.8,1.0005,0
CA-38,CA,38,Congressional District 38,0,0.1495,0.3862,0.6828,150.7,112.6,1,150.7,1.0001,0
CA-39,CA,39,Congressional District 39,0,0.2039,0.4155,0.6799,285.7,132.7,1,285.7,1.0,0
CA-40,CA,40,Congressional District 40,0,0.1536,0.3849,0.711,393.2,179.4,1,393.3,1.0,0
CA-41,CA,41,Congressional District 41,0,0.0624,0.24,0.6334,1345.8,520.4,1,1345.7,1.0001,0
CA-42,CA,42,Congressional District 42,0,0.0669,0.0381,0.1406,218.8,202.8,3,664.8,0.3292,1
CA-43,CA,43,Congressional District 43,0,0.2025,0.3663,0.6651,72.5,67.1,1,72.4,1.0016,0
CA-44,CA,44,Congressional District 44,0,0.1567,0.3414,0.6383,94.7,87.1,1,116.7,0.8113,1
CA-45,CA,45,Congressional District 45,0,0.082,0.3518,0.524,103.9,126.2,1,104.0,0.9997,0
CA-46,CA,46,Congressional District 46,0,0.1687,0.4596,0.6949,75.0,74.8,1,75.0,1.0003,0
CA-47,CA,47,Congressional District 47,0,0.1782,0.2675,0.6067,176.0,111.4,1,283.9,0.6198,1
CA-48,CA,48,Congressional District 48,0,0.2138,0.4309,0.8093,3634.1,462.2,1,3634.4,0.9999,0
CA-49,CA,49,Congressional District 49,0,0.2143,0.2443,0.6739,499.1,171.1,1,671.2,0.7436,1
CA-50,CA,50,Congressional District 50,0,0.0897,0.1626,0.4457,272.8,195.5,1,411.9,0.6623,1
CA-51,CA,51,Congressional District 51,0,0.1286,0.4756,0.6569,191.1,136.6,1,191.1,1.0002,0
CA-52,CA,52,Congressional District 52,0,0.2662,0.4062,0.7503,143.1,82.2,1,143.3,0.9987,0
CO-1,CO,1,Congressional District 1,0,0.0917,0.1816,0.4936,155.5,146.0,1,155.6,1.0,0
CO-2,CO,2,Congressional District 2,0,0.3336,0.6574,0.8953,11539.9,659.3,1,11539.8,1.0,0
CO-3,CO,3,Congressional District 3,0,0.306,0.356,0.7578,50086.4,1434.3,1,50086.8,1.0,0
CO-4,CO,4,Congressional District 4,0,0.2942,0.4082,0.8332,32294.8,1174.6,1,32295.8,1.0,0
CO-5,CO,5,Congressional District 5,0,0.5595,0.5462,0.9128,1473.8,181.9,1,1474.4,0.9996,0
CO-6,CO,6,Congressional District 6,0,0.0997,0.2583,0.6586,311.0,198.0,1,311.0,1.0,0
CO-7,CO,7,Congressional District 7,0,0.2511,0.4029,0.7966,7200.2,600.3,1,7200.2,1.0,0
CO-8,CO,8,Congressional District 8,0,0.2106,0.4013,0.7408,1031.4,248.1,1,1031.5,0.9999,0
CT-1,CT,1,Congressional District 1,0,0.1707,0.4326,0.6594,676.2,223.1,1,676.2,1.0001,0
CT-2,CT,2,Congressional District 2,0,0.3728,0.5588,0.8393,2083.8,265.0,2,2136.4,0.9754,1
CT-3,CT,3,Congressional District 3,0,0.2385,0.357,0.7211,489.4,160.6,3,501.1,0.9766,1
CT-4,CT,4,Congressional District 4,0,0.2259,0.2886,0.6606,460.3,160.0,8,526.6,0.874,1
CT-5,CT,5,Congressional District 5,0,0.2331,0.5104,0.7483,1280.2,262.7,1,1280.3,0.9999,0
DE-AL,DE,0,Congressional District (at Large),1,0.3463,0.2546,0.7399,2010.5,270.1,4,2488.8,0.8078,1
FL-1,FL,1,Congressional District 1,0,0.4786,0.489,0.8578,3570.5,306.2,1,4416.1,0.8085,1
FL-2,FL,2,Congressional District 2,0,0.2295,0.3657,0.7387,10247.2,749.1,5,12838.5,0.7982,1
FL-3,FL,3,Congressional District 3,0,0.4442,0.5202,0.9037,7511.4,461.0,5,8270.8,0.9082,1
FL-4,FL,4,Congressional District 4,0,0.3728,0.3883,0.7914,1891.5,252.5,1,1980.5,0.955,1
FL-5,FL,5,Congressional District 5,0,0.4971,0.4744,0.8798,684.0,131.5,1,829.0,0.825,1
FL-6,FL,6,Congressional District 6,0,0.5003,0.7402,0.9206,3770.6,307.8,1,3928.2,0.9599,1
FL-7,FL,7,Congressional District 7,0,0.4123,0.4792,0.8293,940.3,169.3,1,1053.4,0.8926,1
FL-8,FL,8,Congressional District 8,0,0.406,0.2843,0.7431,1959.6,246.3,1,2298.9,0.8524,1
FL-9,FL,9,Congressional District 9,0,0.4877,0.4896,0.8623,1846.2,218.1,1,1846.1,1.0,0
FL-10,FL,10,Congressional District 10,0,0.3779,0.4094,0.7511,272.5,95.2,1,272.5,0.9999,0
FL-11,FL,11,Congressional District 11,0,0.366,0.5185,0.8222,1836.2,251.1,1,1836.2,1.0,0
FL-12,FL,12,Congressional District 12,0,0.2962,0.4752,0.7516,1770.9,274.1,6,2538.1,0.6977,1
FL-13,FL,13,Congressional District 13,0,0.166,0.2223,0.712,273.7,144.0,4,730.6,0.3746,1
FL-14,FL,14,Congressional District 14,0,0.0954,0.2772,0.5149,301.0,199.2,5,523.9,0.5747,1
FL-15,FL,15,Congressional District 15,0,0.5828,0.5776,0.8808,674.9,120.6,1,674.9,1.0,0
FL-16,FL,16,Congressional District 16,0,0.4448,0.4697,0.7519,1224.3,186.0,3,1499.9,0.8163,1
FL-17,FL,17,Congressional District 17,0,0.2703,0.256,0.7243,1574.1,270.5,1,2148.7,0.7326,1
FL-18,FL,18,Congressional District 18,0,0.4308,0.4224,0.8243,7084.3,454.6,1,7085.3,0.9999,0
FL-19,FL,19,Congressional District 19,0,0.1104,0.1831,0.5136,803.7,302.5,4,1896.8,0.4237,1
FL-20,FL,20,Congressional District 20,0,0.2785,0.497,0.7728,2396.7,328.9,1,2397.3,0.9998,0
FL-21,FL,21,Congressional District 21,0,0.4707,0.456,0.8025,1689.6,212.4,1,1888.4,0.8948,1
FL-22,FL,22,Congressional District 22,0,0.3786,0.3791,0.6915,261.7,93.2,1,345.3,0.7578,1
FL-23,FL,23,Congressional District 23,0,0.2284,0.3795,0.7207,173.9,97.8,1,254.3,0.6838,1
FL-24,FL,24,Congressional District 24,0,0.452,0.4554,0.8809,123.5,58.6,1,182.8,0.6755,1
FL-25,FL,25,Congressional District 25,0,0.3994,0.4736,0.8261,208.7,81.0,1,236.6,0.8817,1
FL-26,FL,26,Congressional District 26,0,0.3249,0.2874,0.7719,2402.8,304.9,1,2440.0,0.9847,1
FL-27,FL,27,Congressional District 27,0,0.2917,0.4122,0.6538,130.3,74.9,1,280.7,0.4642,1
FL-28,FL,28,Congressional District 28,0,0.0547,0.0997,0.2859,2625.8,776.6,99,6709.6,0.3914,1
GA-1,GA,1,Congressional District 1,0,0.2538,0.4264,0.7838,7640.1,615.1,2,8155.7,0.9368,1
GA-2,GA,2,Congressional District 2,0,0.2745,0.4579,0.7986,10119.6,680.6,1,10119.8,1.0,0
GA-3,GA,3,Congressional District 3,0,0.2808,0.4611,0.8192,4249.2,436.1,1,4249.2,1.0,0
GA-4,GA,4,Congressional District 4,0,0.2063,0.3998,0.6517,273.4,129.1,1,273.4,0.9998,0
GA-5,GA,5,Congressional District 5,0,0.2585,0.3805,0.7914,226.1,104.9,1,226.1,1.0,0
GA-6,GA,6,Congressional District 6,0,0.2583,0.398,0.6938,523.4,159.6,1,523.4,1.0,0
GA-7,GA,7,Congressional District 7,0,0.2402,0.3406,0.7933,1158.7,246.2,1,1158.7,1.0001,0
GA-8,GA,8,Congressional District 8,0,0.2166,0.338,0.7348,11080.9,801.7,1,11080.5,1.0,0
GA-9,GA,9,Congressional District 9,0,0.1812,0.4444,0.6544,3463.1,490.1,1,3463.0,1.0,0
GA-10,GA,10,Congressional District 10,0,0.2412,0.5279,0.7687,5341.4,527.5,1,5341.4,1.0,0
GA-11,GA,11,Congressional District 11,0,0.2936,0.514,0.7707,1502.9,253.6,1,1502.9,1.0,0
GA-12,GA,12,Congressional District 12,0,0.29,0.5013,0.8557,9824.5,652.4,1,9824.6,1.0,0
GA-13,GA,13,Congressional District 13,0,0.1364,0.2863,0.5631,543.4,223.8,1,543.4,1.0001,0
GA-14,GA,14,Congressional District 14,0,0.2954,0.4017,0.7182,2961.0,354.9,1,2961.0,1.0,0
HI-1,HI,1,Congressional District 1,0,0.328,0.3282,0.6749,214.1,90.6,1,348.2,0.6149,1
HI-2,HI,2,Congressional District 2,0,0.0813,0.0031,0.0438,6243.1,982.2,27,10621.6,0.5878,1
IA-1,IA,1,Congressional District 1,0,0.2858,0.3542,0.6761,10997.5,695.3,1,10997.5,1.0,0
IA-2,IA,2,Congressional District 2,0,0.4195,0.534,0.7972,12985.7,623.7,1,12985.6,1.0,0
IA-3,IA,3,Congressional District 3,0,0.3526,0.4225,0.7699,10748.9,618.9,1,10748.7,1.0,0
IA-4,IA,4,Congressional District 4,0,0.2884,0.4839,0.7289,21540.2,968.7,1,21540.9,1.0,0
ID-1,ID,1,Congressional District 1,0,0.1897,0.2087,0.7351,39906.1,1626.1,1,39905.1,1.0,0
ID-2,ID,2,Congressional District 2,0,0.3282,0.577,0.8124,43662.5,1293.0,1,43663.4,1.0,0
IL-1,IL,1,Congressional District 1,0,0.1328,0.2536,0.571,620.2,242.2,1,621.2,0.9984,0
IL-2,IL,2,Congressional District 2,0,0.2796,0.325,0.7667,3930.4,420.3,1,3931.8,0.9996,0
IL-3,IL,3,Congressional District 3,0,0.0823,0.1913,0.4153,156.8,154.7,1,156.8,0.9997,0
IL-4,IL,4,Congressional District 4,0,0.1205,0.3882,0.5579,97.0,100.5,1,97.0,1.0001,0
IL-5,IL,5,Congressional District 5,0,0.0717,0.1491,0.4826,158.2,166.5,1,158.1,1.0005,0
IL-6,IL,6,Congressional District 6,0,0.1632,0.3833,0.6543,229.8,133.0,1,229.8,1.0001,0
IL-7,IL,7,Congressional District 7,0,0.1365,0.2887,0.5037,68.8,79.6,1,69.3,0.9935,0
IL-8,IL,8,Congressional District 8,0,0.1097,0.3109,0.5916,291.3,182.7,1,291.3,1.0,0
IL-9,IL,9,Congressional District 9,0,0.1063,0.1253,0.4284,172.0,142.6,1,172.2,0.9989,0
IL-10,IL,10,Congressional District 10,0,0.2781,0.2829,0.7151,536.0,155.6,1,536.1,0.9998,0
IL-11,IL,11,Congressional District 11,0,0.1478,0.2759,0.5319,928.1,280.9,1,928.1,1.0,0
IL-12,IL,12,Congressional District 12,0,0.2678,0.4573,0.7831,14273.9,818.4,1,14273.6,1.0,0
IL-13,IL,13,Congressional District 13,0,0.1059,0.1141,0.3836,2300.0,522.3,1,2300.2,0.9999,0
IL-14,IL,14,Congressional District 14,0,0.279,0.4342,0.7009,1998.0,300.0,1,1998.0,1.0,0
IL-15,IL,15,Congressional District 15,0,0.1272,0.4159,0.6439,16988.1,1295.5,1,16988.0,1.0,0
IL-16,IL,16,Congressional District 16,0,0.0991,0.3149,0.5778,9022.4,1069.6,1,9022.6,1.0,0
IL-17,IL,17,Congressional District 17,0,0.0814,0.2269,0.348,4567.3,839.7,1,4567.5,0.9999,0
IN-1,IN,1,Congressional District 1,0,0.4275,0.4022,0.7604,1112.4,180.8,1,1345.9,0.8265,1
IN-2,IN,2,Congressional District 2,0,0.5293,0.6296,0.8757,4397.5,323.1,1,4397.7,0.9999,0
IN-3,IN,3,Congressional District 3,0,0.5299,0.408,0.9261,4445.6,324.7,1,4445.6,1.0,0
IN-4,IN,4,Congressional District 4,0,0.4108,0.3816,0.8412,6126.2,432.9,1,6126.2,1.0,0
IN-5,IN,5,Congressional District 5,0,0.5597,0.5772,0.8438,2209.3,222.7,1,2209.3,1.0,0
IN-6,IN,6,Congressional District 6,0,0.4217,0.4357,0.782,3298.2,313.5,1,3298.2,1.0,0
IN-7,IN,7,Congressional District 7,0,0.715,0.5694,0.9669,282.9,70.5,1,282.8,1.0,0
IN-8,IN,8,Congressional District 8,0,0.2155,0.3491,0.7284,8217.0,692.1,1,8216.9,1.0,0
IN-9,IN,9,Congressional District 9,0,0.3498,0.4617,0.7658,6098.2,468.0,1,6098.5,0.9999,0
KS-1,KS,1,Congressional District 1,0,0.351,0.3776,0.8163,49840.8,1335.8,1,49841.3,1.0,0
KS-2,KS,2,Congressional District 2,0,0.1526,0.3899,0.6295,15504.8,1129.8,1,15505.6,0.9999,0
KS-3,KS,3,Congressional District 3,0,0.4528,0.3792,0.7941,2293.6,252.3,1,2293.8,0.9999,0
KS-4,KS,4,Congressional District 4,0,0.4476,0.408,0.8755,14637.6,641.0,1,14637.5,1.0,0
KY-1,KY,1,Congressional District 1,0,0.0963,0.177,0.4866,11956.8,1248.9,2,11957.1,1.0,0
KY-2,KY,2,Congressional District 2,0,0.2353,0.5454,0.7725,7445.8,630.6,1,7445.9,1.0,0
KY-3,KY,3,Congressional District 3,0,0.4405,0.3931,0.785,323.1,96.0,1,323.1,1.0001,0
KY-4,KY,4,Congressional District 4,0,0.1575,0.2349,0.5269,4968.5,629.6,1,4967.8,1.0001,0
KY-5,KY,5,Congressional District 5,0,0.2933,0.4416,0.7958,11880.5,713.5,1,11880.5,1.0,0
KY-6,KY,6,Congressional District 6,0,0.2651,0.503,0.7959,3831.7,426.2,1,3831.6,1.0,0
LA-1,LA,1,Congressional District 1,0,0.0359,0.3366,0.4702,5208.1,1350.5,34,8493.7,0.6132,1
LA-2,LA,2,Congressional District 2,0,0.112,0.2268,0.5723,2385.4,517.4,1,2385.4,1.0,0
LA-3,LA,3,Congressional District 3,0,0.0914,0.2331,0.6221,8644.2,1090.2,10,10625.5,0.8135,1
LA-4,LA,4,Congressional District 4,0,0.0876,0.3725,0.7053,15051.9,1469.8,1,15052.9,0.9999,0
LA-5,LA,5,Congressional District 5,0,0.085,0.3155,0.5351,10785.7,1263.1,1,10785.8,1.0,0
LA-6,LA,6,Congressional District 6,0,0.0546,0.1221,0.4307,5032.0,1076.4,1,5032.1,1.0,0
MA-1,MA,1,Congressional District 1,0,0.2858,0.3518,0.74,2292.9,317.5,1,2292.9,1.0,0
MA-2,MA,2,Congressional District 2,0,0.2177,0.3157,0.683,1863.5,327.9,1,1863.7,0.9999,0
MA-3,MA,3,Congressional District 3,0,0.2282,0.2926,0.6701,779.2,207.2,1,779.1,1.0002,0
MA-4,MA,4,Congressional District 4,0,0.182,0.3234,0.6206,709.9,221.4,1,709.8,1.0001,0
MA-5,MA,5,Congressional District 5,0,0.1817,0.3386,0.6221,229.8,126.1,1,239.7,0.9588,1
MA-6,MA,6,Congressional District 6,0,0.2063,0.4498,0.7118,569.3,186.2,10,866.6,0.6569,1
MA-7,MA,7,Congressional District 7,0,0.097,0.2011,0.484,64.3,91.3,1,67.0,0.9604,1
MA-8,MA,8,Congressional District 8,0,0.0908,0.4864,0.6279,306.4,205.9,15,460.9,0.6648,1
MA-9,MA,9,Congressional District 9,0,0.0459,0.2526,0.3846,1373.5,612.9,12,3274.6,0.4194,1
MD-1,MD,1,Congressional District 1,0,0.054,0.2709,0.5957,4217.7,991.1,12,5509.8,0.7655,1
MD-2,MD,2,Congressional District 2,0,0.1819,0.3133,0.725,830.3,239.5,3,852.4,0.9741,1
MD-3,MD,3,Congressional District 3,0,0.2326,0.2576,0.7467,529.9,169.2,1,612.1,0.8657,1
MD-4,MD,4,Congressional District 4,0,0.2393,0.2807,0.6642,224.3,108.5,1,224.3,1.0,0
MD-5,MD,5,Congressional District 5,0,0.1996,0.3187,0.7218,1629.0,320.2,4,2313.4,0.7042,1
MD-6,MD,6,Congressional District 6,0,0.123,0.1835,0.4755,2432.5,498.6,1,2432.3,1.0001,0
MD-7,MD,7,Congressional District 7,0,0.2159,0.3306,0.7221,140.4,90.4,2,181.2,0.7747,1
MD-8,MD,8,Congressional District 8,0,0.3296,0.5747,0.7847,280.3,103.4,1,280.3,1.0001,0
ME-1,ME,1,Congressional District 1,0,0.0482,0.2533,0.4443,3613.1,970.8,74,5105.9,0.7076,1
ME-2,ME,2,Congressional District 2,0,0.1065,0.4732,0.8273,29162.0,1855.0,139,30274.0,0.9633,1
MI-1,MI,1,Congressional District 1,0,0.0499,0.2351,0.4905,27932.0,2652.7,103,57170.4,0.4886,1
MI-2,MI,2,Congressional District 2,0,0.4193,0.5104,0.7884,9919.8,545.2,1,13067.6,0.7591,1
MI-3,MI,3,Congressional District 3,0,0.3702,0.3505,0.742,831.1,168.0,1,1885.6,0.4408,1
MI-4,MI,4,Congressional District 4,0,0.4383,0.4377,0.76,2444.7,264.7,1,3904.3,0.6261,1
MI-5,MI,5,Congressional District 5,0,0.2937,0.1918,0.7921,5358.1,478.8,1,6478.3,0.8271,1
MI-6,MI,6,Congressional District 6,0,0.3916,0.4063,0.7277,1007.6,179.8,2,1017.2,0.9906,0
MI-7,MI,7,Congressional District 7,0,0.5597,0.5146,0.8966,2814.4,251.4,1,2814.4,1.0,0
MI-8,MI,8,Congressional District 8,0,0.3798,0.38,0.7654,2271.5,274.1,2,2453.9,0.9257,1
MI-9,MI,9,Congressional District 9,0,0.3536,0.4877,0.8319,4708.1,409.0,7,6899.4,0.6824,1
MI-10,MI,10,Congressional District 10,0,0.4362,0.4594,0.7459,229.7,81.3,1,241.6,0.9505,1
MI-11,MI,11,Congressional District 11,0,0.4145,0.4813,0.8234,336.1,100.9,1,336.1,1.0,0
MI-12,MI,12,Congressional District 12,0,0.4877,0.573,0.8366,191.5,70.2,1,191.6,0.9999,0
MI-13,MI,13,Congressional District 13,0,0.2975,0.245,0.672,221.9,96.8,1,252.9,0.8773,1
MN-1,MN,1,Congressional District 1,0,0.2894,0.2286,0.772,12454.8,735.4,1,12454.7,1.0,0
MN-2,MN,2,Congressional District 2,0,0.3753,0.4068,0.8478,1810.1,246.2,1,1810.0,1.0001,0
MN-3,MN,3,Congressional District 3,0,0.2992,0.5668,0.7255,517.0,147.3,1,517.0,1.0,0
MN-4,MN,4,Congressional District 4,0,0.5475,0.5103,0.8876,334.0,87.6,1,334.0,1.0,0
MN-5,MN,5,Congressional District 5,0,0.434,0.4973,0.8574,137.2,63.0,1,137.2,1.0,0
MN-6,MN,6,Congressional District 6,0,0.2277,0.4266,0.6428,2615.2,379.9,1,2615.2,1.0,0
MN-7,MN,7,Congressional District 7,0,0.1833,0.2923,0.7006,32024.7,1481.9,1,32025.0,1.0,0
MN-8,MN,8,Congressional District 8,0,0.2409,0.3988,0.668,34493.8,1341.4,4,37050.1,0.931,1
MO-1,MO,1,Congressional District 1,0,0.3141,0.526,0.7704,258.6,101.7,1,258.5,1.0001,0
MO-2,MO,2,Congressional District 2,0,0.2981,0.4809,0.7997,1821.5,277.1,1,1821.4,1.0,0
MO-3,MO,3,Congressional District 3,0,0.1587,0.3693,0.6369,7698.0,780.8,1,7697.9,1.0,0
MO-4,MO,4,Congressional District 4,0,0.3052,0.5277,0.7852,14664.7,777.1,1,14664.5,1.0,0
MO-5,MO,5,Congressional District 5,0,0.3852,0.3706,0.8448,431.5,118.6,1,431.4,1.0002,0
MO-6,MO,6,Congressional District 6,0,0.3031,0.3005,0.8172,20483.7,921.6,1,20483.5,1.0,0
MO-7,MO,7,Congressional District 7,0,0.5288,0.5256,0.9045,5865.5,373.3,1,5864.9,1.0001,0
MO-8,MO,8,Congressional District 8,0,0.274,0.5205,0.7307,18485.5,920.8,1,18484.5,1.0001,0
MS-1,MS,1,Congressional District 1,0,0.3832,0.4746,0.8224,10094.9,575.3,1,10094.7,1.0,0
MS-2,MS,2,Congressional District 2,0,0.1296,0.3011,0.7343,18404.0,1336.0,1,18404.1,1.0,0
MS-3,MS,3,Congressional District 3,0,0.2478,0.3474,0.6927,11823.2,774.4,1,11823.0,1.0,0
MS-4,MS,4,Congressional District 4,0,0.328,0.5143,0.8596,7350.7,530.7,8,8114.1,0.9059,1
MT-1,MT,1,Congressional District 1,0,0.2054,0.3377,0.7052,40779.1,1579.5,1,40777.8,1.0,0
MT-2,MT,2,Congressional District 2,0,0.5087,0.5864,0.9431,106265.0,1620.2,1,106265.4,1.0,0
NC-1,NC,1,Congressional District 1,0,0.121,0.4059,0.6802,8520.3,940.8,1,9285.9,0.9176,1
NC-2,NC,2,Congressional District 2,0,0.2855,0.489,0.7722,413.2,134.8,1,413.2,1.0,0
NC-3,NC,3,Congressional District 3,0,0.0407,0.2658,0.51,7156.4,1487.2,14,10255.7,0.6978,1
NC-4,NC,4,Congressional District 4,0,0.2581,0.4473,0.7658,1082.3,229.6,1,1082.2,1.0,0
NC-5,NC,5,Congressional District 5,0,0.2366,0.2946,0.6915,4237.6,474.4,1,4237.9,0.9999,0
NC-6,NC,6,Congressional District 6,0,0.2973,0.4066,0.7272,1687.4,267.1,1,1687.4,1.0,0
NC-7,NC,7,Congressional District 7,0,0.2862,0.5212,0.7614,4954.3,466.4,1,5276.1,0.939,1
NC-8,NC,8,Congressional District 8,0,0.2907,0.3498,0.6913,3767.3,403.5,1,3767.1,1.0,0
NC-9,NC,9,Congressional District 9,0,0.1753,0.382,0.6773,3306.1,486.8,1,3306.2,1.0,0
NC-10,NC,10,Congressional District 10,0,0.278,0.2799,0.6893,1923.9,294.9,1,1924.0,1.0,0
NC-11,NC,11,Congressional District 11,0,0.2949,0.3002,0.8486,6307.0,518.4,1,6307.4,0.9999,0
NC-12,NC,12,Congressional District 12,0,0.2897,0.5915,0.8206,274.9,109.2,1,274.9,0.9999,0
NC-13,NC,13,Congressional District 13,0,0.1465,0.382,0.5651,3765.6,568.3,1,3766.2,0.9998,0
NC-14,NC,14,Congressional District 14,0,0.1722,0.3183,0.577,2234.7,403.8,1,2234.5,1.0001,0
ND-AL,ND,0,Congressional District (at Large),1,0.5289,0.5366,0.9805,70698.7,1296.0,1,70698.8,1.0,0
NE-1,NE,1,Congressional District 1,0,0.2565,0.4076,0.7004,6053.4,544.6,1,6053.4,1.0,0
NE-2,NE,2,Congressional District 2,0,0.4225,0.4769,0.8802,1249.3,192.8,1,1249.0,1.0002,0
NE-3,NE,3,Congressional District 3,0,0.3142,0.3595,0.8459,70046.9,1673.9,1,70045.1,1.0,0
NH-1,NH,1,Congressional District 1,0,0.168,0.2585,0.5714,2310.3,415.8,4,2328.0,0.9924,0
NH-2,NH,2,Congressional District 2,0,0.1699,0.2438,0.7378,6970.8,718.0,1,6971.1,1.0,0
NJ-1,NJ,1,Congressional District 1,0,0.4005,0.5082,0.8026,380.3,109.2,1,380.5,0.9996,0
NJ-2,NJ,2,Congressional District 2,0,0.2165,0.3636,0.6453,2207.3,357.9,1,2966.7,0.744,1
NJ-3,NJ,3,Congressional District 3,0,0.2473,0.3339,0.6154,1104.4,236.9,1,1104.6,0.9998,0
NJ-4,NJ,4,Congressional District 4,0,0.2915,0.4255,0.8309,700.3,173.7,1,702.4,0.9969,0
NJ-5,NJ,5,Congressional District 5,0,0.2521,0.2867,0.6788,677.7,183.8,1,677.9,0.9997,0
NJ-6,NJ,6,Congressional District 6,0,0.0974,0.1954,0.4215,206.6,163.3,1,386.1,0.5352,1
NJ-7,NJ,7,Congressional District 7,0,0.2096,0.4593,0.6836,1377.7,287.4,1,1378.1,0.9997,0
NJ-8,NJ,8,Congressional District 8,0,0.0871,0.2586,0.5033,56.3,90.2,3,66.8,0.8429,1
NJ-9,NJ,9,Congressional District 9,0,0.1688,0.2733,0.5587,117.7,93.6,1,117.7,1.0,0
NJ-10,NJ,10,Congressional District 10,0,0.12,0.3427,0.5585,78.4,90.6,2,80.0,0.9794,1
NJ-11,NJ,11,Congressional District 11,0,0.2253,0.6023,0.7964,412.5,151.7,1,412.6,1.0,0
NJ-12,NJ,12,Congressional District 12,0,0.1816,0.4148,0.6569,445.9,175.7,1,445.8,1.0001,0
NM-1,NM,1,Congressional District 1,0,0.3028,0.4828,0.7658,17589.6,854.4,1,17589.9,1.0,0
NM-2,NM,2,Congressional District 2,0,0.3021,0.3839,0.7534,51550.7,1464.5,1,51553.6,0.9999,0
NM-3,NM,3,Congressional District 3,0,0.2681,0.3307,0.6674,52450.4,1567.9,1,52449.8,1.0,0
NV-1,NV,1,Congressional District 1,0,0.4354,0.5301,0.8872,1018.8,171.5,1,1018.9,1.0,0
NV-2,NV,2,Congressional District 2,0,0.5827,0.5529,0.8836,65518.8,1188.7,1,65518.2,1.0,0
NV-3,NV,3,Congressional District 3,0,0.2553,0.242,0.7147,2024.3,315.6,1,2024.8,0.9998,0
NV-4,NV,4,Congressional District 4,0,0.5049,0.4389,0.9286,42007.4,1022.5,1,42008.9,1.0,0
NY-1,NY,1,Congressional District 1,0,0.1216,0.1321,0.4835,795.5,286.7,4,1882.5,0.4226,1
NY-2,NY,2,Congressional District 2,0,0.4549,0.3179,0.9034,351.3,98.5,1,501.8,0.7002,1
NY-3,NY,3,Congressional District 3,0,0.1599,0.4167,0.7078,197.9,124.7,1,270.0,0.7328,1
NY-4,NY,4,Congressional District 4,0,0.5994,0.6348,0.8995,134.1,53.0,1,189.0,0.7096,1
NY-5,NY,5,Congressional District 5,0,0.2498,0.2638,0.6285,56.6,53.4,1,112.5,0.503,1
NY-6,NY,6,Congressional District 6,0,0.2808,0.3647,0.7528,26.1,34.2,1,26.1,1.0001,0
NY-7,NY,7,Congressional District 7,0,0.2783,0.3987,0.7031,22.4,31.8,1,22.4,1.0002,0
NY-8,NY,8,Congressional District 8,0,0.2408,0.4129,0.5802,36.2,43.4,1,44.9,0.8052,1
NY-9,NY,9,Congressional District 9,0,0.3896,0.5051,0.8283,15.2,22.1,1,15.2,0.9999,0
NY-10,NY,10,Congressional District 10,0,0.1858,0.3195,0.6114,17.2,34.1,4,23.2,0.7416,1
NY-11,NY,11,Congressional District 11,0,0.2866,0.3096,0.6994,64.4,53.1,3,114.4,0.5625,1
NY-12,NY,12,Congressional District 12,0,0.4075,0.4124,0.8483,13.6,20.5,1,13.6,1.0012,0
NY-13,NY,13,Congressional District 13,0,0.2725,0.3062,0.636,14.6,25.9,1,14.6,0.9994,0
NY-14,NY,14,Congressional District 14,0,0.1809,0.3705,0.6824,36.9,50.6,4,46.7,0.7889,1
NY-15,NY,15,Congressional District 15,0,0.2346,0.3728,0.6936,19.8,32.6,1,19.8,1.0012,0
NY-16,NY,16,Congressional District 16,0,0.3559,0.6285,0.8527,134.2,68.8,2,157.4,0.8523,1
NY-17,NY,17,Congressional District 17,0,0.4355,0.4644,0.8292,904.7,161.6,1,904.6,1.0001,0
NY-18,NY,18,Congressional District 18,0,0.2578,0.3972,0.6498,1934.3,307.1,1,1934.2,1.0001,0
NY-19,NY,19,Congressional District 19,0,0.1931,0.3359,0.6747,8375.2,738.2,1,8375.1,1.0,0
NY-20,NY,20,Congressional District 20,0,0.3115,0.4538,0.745,1403.1,237.9,1,1403.2,1.0,0
NY-21,NY,21,Congressional District 21,0,0.3486,0.581,0.8493,17047.8,783.9,1,17047.5,1.0,0
NY-22,NY,22,Congressional District 22,0,0.3704,0.4476,0.8115,2493.3,290.9,1,2493.2,1.0,0
NY-23,NY,23,Congressional District 23,0,0.2103,0.2305,0.6434,6523.0,624.3,1,7100.7,0.9186,1
NY-24,NY,24,Congressional District 24,0,0.1081,0.2593,0.5034,7403.5,927.6,11,10143.3,0.7299,1
NY-25,NY,25,Congressional District 25,0,0.5163,0.4625,0.8669,717.5,132.2,1,1417.6,0.5062,1
NY-26,NY,26,Congressional District 26,0,0.4566,0.4289,0.8451,274.6,86.9,1,285.2,0.9629,1
OH-1,OH,1,Congressional District 1,0,0.2504,0.3128,0.6075,611.1,175.1,1,611.1,1.0,0
OH-2,OH,2,Congressional District 2,0,0.3164,0.489,0.7711,7441.7,543.7,1,7441.9,1.0,0
OH-3,OH,3,Congressional District 3,0,0.5149,0.6855,0.9365,221.1,73.5,1,221.1,1.0,0
OH-4,OH,4,Congressional District 4,0,0.3136,0.3725,0.733,4921.3,444.0,1,4921.3,1.0,0
OH-5,OH,5,Congressional District 5,0,0.2134,0.2501,0.6218,5562.4,572.3,1,5991.2,0.9284,1
OH-6,OH,6,Congressional District 6,0,0.221,0.2855,0.7491,4842.2,524.7,1,4842.4,1.0,0
OH-7,OH,7,Congressional District 7,0,0.2269,0.3239,0.6659,1325.6,270.9,1,1329.1,0.9974,0
OH-8,OH,8,Congressional District 8,0,0.2849,0.2926,0.7821,1804.5,282.1,2,1804.6,1.0,0
OH-9,OH,9,Congressional District 9,0,0.13,0.1949,0.628,2623.4,503.6,16,3567.7,0.7353,1
OH-10,OH,10,Congressional District 10,0,0.4442,0.5017,0.866,996.6,167.9,1,996.6,1.0,0
OH-11,OH,11,Congressional District 11,0,0.2315,0.3507,0.6983,216.4,108.4,1,999.6,0.2165,1
OH-12,OH,12,Congressional District 12,0,0.3103,0.586,0.7764,5633.1,477.6,1,5633.3,1.0,0
OH-13,OH,13,Congressional District 13,0,0.278,0.4088,0.8165,631.0,168.9,1,631.0,1.0,0
OH-14,OH,14,Congressional District 14,0,0.6276,0.4821,0.9125,2483.8,223.0,1,3891.4,0.6383,1
OH-15,OH,15,Congressional District 15,0,0.147,0.283,0.5503,1943.6,407.6,1,1943.5,1.0,0
OK-1,OK,1,Congressional District 1,0,0.3308,0.4396,0.7367,1103.4,204.8,1,1103.4,1.0,0
OK-2,OK,2,Congressional District 2,0,0.2763,0.4409,0.8133,22413.8,1009.6,1,22414.4,1.0,0
OK-3,OK,3,Congressional District 3,0,0.2361,0.271,0.6601,32907.5,1323.6,1,32907.0,1.0,0
OK-4,OK,4,Congressional District 4,0,0.2571,0.4556,0.7622,9889.9,695.2,1,9890.1,1.0,0
OK-5,OK,5,Congressional District 5,0,0.3455,0.4981,0.7613,3584.1,361.0,1,3584.2,1.0,0
OR-1,OR,1,Congressional District 1,0,0.3524,0.4777,0.7744,3438.2,350.2,3,3876.4,0.887,1
OR-2,OR,2,Congressional District 2,0,0.4327,0.4666,0.8734,72876.6,1454.8,1,72876.8,1.0,0
OR-3,OR,3,Congressional District 3,0,0.3547,0.3804,0.7782,1427.4,224.9,1,1427.1,1.0002,0
OR-4,OR,4,Congressional District 4,0,0.2395,0.3237,0.654,11761.2,785.6,4,12660.8,0.9289,1
OR-5,OR,5,Congressional District 5,0,0.2149,0.4253,0.6601,5630.9,573.8,1,5630.6,1.0,0
OR-6,OR,6,Congressional District 6,0,0.3803,0.485,0.7967,1906.6,251.0,1,1906.8,0.9999,0
PA-1,PA,1,Congressional District 1,0,0.4016,0.3986,0.8152,718.3,149.9,1,718.2,1.0001,0
PA-2,PA,2,Congressional District 2,0,0.4342,0.3317,0.8396,67.5,44.2,1,67.1,1.0047,0
PA-3,PA,3,Congressional District 3,0,0.3358,0.3968,0.7249,54.8,45.3,1,54.8,0.9996,0
PA-4,PA,4,Congressional District 4,0,0.1762,0.2684,0.6844,733.5,228.7,1,733.5,1.0,0
PA-5,PA,5,Congressional District 5,0,0.2737,0.4093,0.719,239.8,104.9,1,239.6,1.001,0
PA-6,PA,6,Congressional District 6,0,0.3028,0.4528,0.7288,936.1,197.1,1,935.7,1.0003,0
PA-7,PA,7,Congressional District 7,0,0.4233,0.5668,0.7799,1184.5,187.5,1,1184.5,1.0,0
PA-8,PA,8,Congressional District 8,0,0.2851,0.4745,0.7424,2840.1,353.8,1,2840.2,1.0,0
PA-9,PA,9,Congressional District 9,0,0.2829,0.4098,0.7396,6153.7,522.9,1,6153.5,1.0,0
PA-10,PA,10,Congressional District 10,0,0.2835,0.4854,0.7099,1294.3,239.5,1,1294.2,1.0,0
PA-11,PA,11,Congressional District 11,0,0.3872,0.4469,0.8789,1544.9,223.9,1,1545.1,0.9999,0
PA-12,PA,12,Congressional District 12,0,0.1924,0.6243,0.7779,433.8,168.3,1,433.7,1.0,0
PA-13,PA,13,Congressional District 13,0,0.3945,0.5612,0.8326,6403.4,451.7,1,6403.6,1.0,0
PA-14,PA,14,Congressional District 14,0,0.3066,0.4687,0.7563,4808.6,444.0,1,4808.9,1.0,0
PA-15,PA,15,Congressional District 15,0,0.4308,0.5712,0.8609,13082.9,617.7,1,13083.1,1.0,0
PA-16,PA,16,Congressional District 16,0,0.396,0.3948,0.8639,3900.0,351.8,1,4649.0,0.8389,1
PA-17,PA,17,Congressional District 17,0,0.274,0.5089,0.7555,909.1,204.2,1,909.1,1.0,0
RI-1,RI,1,Congressional District 1,0,0.0622,0.1866,0.4669,288.0,241.1,13,510.6,0.564,1
RI-2,RI,2,Congressional District 2,0,0.3011,0.2813,0.7171,809.8,183.8,2,1034.3,0.7829,1
SC-1,SC,1,Congressional District 1,0,0.103,0.2577,0.647,2950.0,599.9,5,3566.9,0.827,1
SC-2,SC,2,Congressional District 2,0,0.1771,0.4592,0.7208,3200.8,476.6,1,3200.8,1.0,0
SC-3,SC,3,Congressional District 3,0,0.3588,0.4956,0.8487,5846.3,452.5,1,5846.3,1.0,0
SC-4,SC,4,Congressional District 4,0,0.2554,0.4116,0.7746,1249.0,247.9,1,1249.1,0.9999,0
SC-5,SC,5,Congressional District 5,0,0.2381,0.3232,0.7798,5252.1,526.5,1,5252.2,1.0,0
SC-6,SC,6,Congressional District 6,0,0.0805,0.3565,0.5881,7106.9,1053.4,1,7138.3,0.9956,0
SC-7,SC,7,Congressional District 7,0,0.314,0.3552,0.7975,5503.5,469.3,1,5769.9,0.9538,1
SD-AL,SD,0,Congressional District (at Large),1,0.5765,0.4937,0.9284,77115.5,1296.5,1,77115.9,1.0,0
TN-1,TN,1,Congressional District 1,0,0.2824,0.3179,0.8137,4465.9,445.8,1,4466.0,1.0,0
TN-2,TN,2,Congressional District 2,0,0.1688,0.4093,0.6332,2684.9,447.1,4,2684.9,1.0,0
TN-3,TN,3,Congressional District 3,0,0.158,0.3401,0.6492,4066.8,568.7,1,4066.6,1.0001,0
TN-4,TN,4,Congressional District 4,0,0.198,0.2714,0.7015,6567.2,645.6,1,6567.6,0.9999,0
TN-5,TN,5,Congressional District 5,0,0.1349,0.2808,0.5647,2077.3,439.9,1,2077.3,1.0,0
TN-6,TN,6,Congressional District 6,0,0.2524,0.3733,0.766,6044.2,548.5,1,6044.5,1.0,0
TN-7,TN,7,Congressional District 7,0,0.2726,0.4025,0.7792,6034.9,527.4,1,6034.4,1.0001,0
TN-8,TN,8,Congressional District 8,0,0.298,0.5841,0.8666,9378.6,628.9,1,9379.4,0.9999,0
TN-9,TN,9,Congressional District 9,0,0.1236,0.29,0.6202,808.7,286.7,1,809.2,0.9994,0
TX-1,TX,1,Congressional District 1,0,0.1742,0.3191,0.6954,9869.5,843.8,1,9868.9,1.0001,0
TX-2,TX,2,Congressional District 2,0,0.2333,0.3994,0.6937,659.5,188.5,1,659.7,0.9998,0
TX-3,TX,3,Congressional District 3,0,0.3511,0.4938,0.85,1495.9,231.4,1,1496.0,1.0,0
TX-4,TX,4,Congressional District 4,0,0.0792,0.2552,0.5265,5432.6,928.4,1,5432.1,1.0001,0
TX-5,TX,5,Congressional District 5,0,0.1576,0.3522,0.6403,3784.8,549.3,1,3784.8,1.0,0
TX-6,TX,6,Congressional District 6,0,0.1603,0.2953,0.6185,6019.6,686.8,1,6019.7,1.0,0
TX-7,TX,7,Congressional District 7,0,0.0934,0.231,0.4765,132.8,133.7,1,132.8,1.0,0
TX-8,TX,8,Congressional District 8,0,0.2312,0.2872,0.6264,3000.6,403.9,1,3000.7,1.0,0
TX-9,TX,9,Congressional District 9,0,0.1663,0.4561,0.6845,220.0,128.9,1,220.0,0.9999,0
TX-10,TX,10,Congressional District 10,0,0.1904,0.37,0.6571,7799.8,717.4,1,7799.6,1.0,0
TX-11,TX,11,Congressional District 11,0,0.306,0.2515,0.7399,19343.8,891.3,1,19344.6,1.0,0
TX-12,TX,12,Congressional District 12,0,0.2122,0.4266,0.7424,994.8,242.7,1,994.9,0.9999,0
TX-13,TX,13,Congressional District 13,0,0.2833,0.2659,0.6699,35360.7,1252.3,1,35360.9,1.0,0
TX-14,TX,14,Congressional District 14,0,0.0957,0.1503,0.4899,2726.4,598.3,7,3470.7,0.7855,1
TX-15,TX,15,Congressional District 15,0,0.1132,0.1159,0.544,6296.2,836.0,1,6295.3,1.0001,0
TX-16,TX,16,Congressional District 16,0,0.2319,0.2693,0.732,316.4,130.9,1,316.4,1.0002,0
TX-17,TX,17,Congressional District 17,0,0.1491,0.2885,0.6473,10661.7,947.8,1,10661.6,1.0,0
TX-18,TX,18,Congressional District 18,0,0.0694,0.4215,0.5388,232.1,205.1,1,232.1,0.9999,0
TX-19,TX,19,Congressional District 19,0,0.5326,0.4994,0.8389,30260.2,845.0,1,30260.5,1.0,0
TX-20,TX,20,Congressional District 20,0,0.1311,0.4447,0.6327,180.0,131.3,1,180.0,1.0,0
TX-21,TX,21,Congressional District 21,0,0.3098,0.4121,0.8341,6333.0,506.9,1,6332.9,1.0,0
TX-22,TX,22,Congressional District 22,0,0.1667,0.3807,0.6624,3476.7,511.9,1,3706.6,0.938,1
TX-23,TX,23,Congressional District 23,0,0.2016,0.2618,0.7272,58960.8,1917.1,1,58961.3,1.0,0
TX-24,TX,24,Congressional District 24,0,0.117,0.2701,0.6715,277.0,172.5,1,277.0,0.9999,0
TX-25,TX,25,Congressional District 25,0,0.263,0.4597,0.7087,9135.6,660.7,1,9135.6,1.0,0
TX-26,TX,26,Congressional District 26,0,0.1531,0.349,0.6326,2057.6,410.9,1,2057.3,1.0001,0
TX-27,TX,27,Congressional District 27,0,0.1181,0.4047,0.7725,10814.1,1072.7,16,11669.7,0.9267,1
TX-28,TX,28,Congressional District 28,0,0.2096,0.2529,0.6444,11470.2,829.3,1,11469.9,1.0,0
TX-29,TX,29,Congressional District 29,0,0.0935,0.2846,0.5731,209.3,167.7,1,209.3,0.9998,0
TX-30,TX,30,Congressional District 30,0,0.2029,0.4156,0.7502,369.8,151.3,1,369.8,1.0002,0
TX-31,TX,31,Congressional District 31,0,0.1989,0.4469,0.7194,5712.9,600.8,1,5713.0,1.0,0
TX-32,TX,32,Congressional District 32,0,0.0796,0.2299,0.4825,151.2,154.5,1,151.2,1.0,0
TX-33,TX,33,Congressional District 33,0,0.0397,0.2283,0.39,225.6,267.1,1,225.6,0.9998,0
TX-34,TX,34,Congressional District 34,0,0.0765,0.3267,0.6396,4390.5,849.3,9,5403.0,0.8126,1
TX-35,TX,35,Congressional District 35,0,0.0803,0.0795,0.4398,527.5,287.4,1,527.5,1.0001,0
TX-36,TX,36,Congressional District 36,0,0.2059,0.3339,0.7442,6079.2,609.2,5,6320.6,0.9618,1
TX-37,TX,37,Congressional District 37,0,0.1579,0.3689,0.718,227.0,134.4,1,227.0,1.0001,0
TX-38,TX,38,Congressional District 38,0,0.1303,0.3904,0.5876,310.4,173.0,1,310.4,0.9999,0
UT-1,UT,1,Congressional District 1,0,0.4805,0.4443,0.8576,11354.7,545.0,1,11356.3,0.9999,0
UT-2,UT,2,Congressional District 2,0,0.3833,0.511,0.8034,40044.5,1145.7,1,40040.4,1.0001,0
UT-3,UT,3,Congressional District 3,0,0.2718,0.3993,0.7485,28959.2,1157.0,1,28960.3,1.0,0
UT-4,UT,4,Congressional District 4,0,0.2884,0.3996,0.714,4540.7,444.8,1,4541.1,0.9999,0
VA-1,VA,1,Congressional District 1,0,0.0784,0.4158,0.6329,3232.4,719.8,2,3882.6,0.8325,1
VA-2,VA,2,Congressional District 2,0,0.1044,0.1514,0.4163,2493.2,547.8,11,3936.0,0.6334,1
VA-3,VA,3,Congressional District 3,0,0.1219,0.2393,0.5347,272.8,167.7,4,447.6,0.6094,1
VA-4,VA,4,Congressional District 4,0,0.295,0.5376,0.8486,3498.1,386.0,1,3529.2,0.9912,0
VA-5,VA,5,Congressional District 5,0,0.3716,0.5023,0.886,9610.6,570.1,1,9610.0,1.0001,0
VA-6,VA,6,Congressional District 6,0,0.2117,0.2358,0.7373,6306.3,611.8,1,6306.0,1.0001,0
VA-7,VA,7,Congressional District 7,0,0.2108,0.3989,0.6851,2774.7,406.7,1,2782.1,0.9973,0
VA-8,VA,8,Congressional District 8,0,0.3107,0.3331,0.7695,154.0,78.9,1,158.5,0.9715,1
VA-9,VA,9,Congressional District 9,0,0.1984,0.2076,0.7666,10162.7,802.3,1,10162.7,1.0,0
VA-10,VA,10,Congressional District 10,0,0.2965,0.4993,0.7416,1705.6,268.9,1,1705.8,0.9999,0
VA-11,VA,11,Congressional District 11,0,0.2786,0.4304,0.7662,254.3,107.1,1,254.3,1.0001,0
VT-AL,VT,0,Congressional District (at Large),1,0.3842,0.3742,0.8254,9615.1,560.8,1,9615.2,1.0,0
WA-1,WA,1,Congressional District 1,0,0.1523,0.2447,0.6625,349.4,169.8,1,349.4,1.0,0
WA-2,WA,2,Congressional District 2,0,0.0524,0.4039,0.6481,4520.4,1041.3,43,5836.7,0.7745,1
WA-3,WA,3,Congressional District 3,0,0.3015,0.4579,0.7913,7453.6,557.4,1,7747.1,0.9621,1
WA-4,WA,4,Congressional District 4,0,0.2313,0.3446,0.6873,18192.3,994.2,1,18190.0,1.0001,0
WA-5,WA,5,Congressional District 5,0,0.5022,0.4701,0.8887,18984.9,689.3,1,18983.9,1.0001,0
WA-6,WA,6,Congressional District 6,0,0.1,0.4625,0.779,7103.6,944.8,15,8940.0,0.7946,1
WA-7,WA,7,Congressional District 7,0,0.1135,0.1777,0.5709,150.0,128.9,2,253.0,0.593,1
WA-8,WA,8,Congressional District 8,0,0.2716,0.5406,0.7424,9995.4,680.1,1,9996.0,0.9999,0
WA-9,WA,9,Congressional District 9,0,0.2373,0.3615,0.7431,200.8,103.1,1,213.6,0.94,1
WA-10,WA,10,Congressional District 10,0,0.173,0.323,0.7682,745.8,232.8,4,791.0,0.9428,1
WI-1,WI,1,Congressional District 1,0,0.2769,0.3986,0.8065,1571.4,267.1,1,3039.1,0.517,1
WI-2,WI,2,Congressional District 2,0,0.4046,0.5746,0.8765,4368.5,368.3,1,4368.3,1.0001,0
WI-3,WI,3,Congressional District 3,0,0.1748,0.3344,0.5921,11544.2,910.9,1,11544.2,1.0,0
WI-4,WI,4,Congressional District 4,0,0.3226,0.4225,0.8494,140.7,74.0,1,548.0,0.2567,1
WI-5,WI,5,Congressional District 5,0,0.3788,0.5993,0.8573,2219.3,271.3,1,2219.2,1.0001,0
WI-6,WI,6,Congressional District 6,0,0.2624,0.4023,0.7216,5353.0,506.3,1,7886.7,0.6787,1
WI-7,WI,7,Congressional District 7,0,0.1917,0.5347,0.7103,24061.6,1255.9,22,26083.5,0.9225,1
WI-8,WI,8,Congressional District 8,0,0.1622,0.4216,0.6834,6853.7,728.7,10,9807.6,0.6988,1
WV-1,WV,1,Congressional District 1,0,0.2626,0.4658,0.7948,14450.0,831.5,1,14450.1,1.0,0
WV-2,WV,2,Congressional District 2,0,0.1336,0.2654,0.501,9780.1,959.1,1,9780.0,1.0,0
WY-AL,WY,0,Congressional District (at Large),1,0.7729,0.6164,0.9912,97809.0,1261.1,1,97809.8,1.0,0
