RaceID,RaceName,PartyCode,AreaNum,CandidateID,CandidateName,VoteFor,CandidateVotes,CandidatePercentage,PrecinctsReporting,CandidateAbsenteeVotes,CandidateElectionDayVotes,CandidateEarlyVotes
10778,"United States Senator","DEM","",18908,"BEN R LUJAN",1,182360,0.841730171844781,2204/2204,29120,76471,76769,
10778,"United States Senator","DEM","",18933,"MATT DODSON",1,34289,0.158269828155219,2204/2204,4753,17327,12209,
10778,"United States Senator","REP","",19598,"LARRY E MARKER (write in)",1,31220,1,2204/2204,2333,15209,13678,
10779,"United States Representative","DEM","DISTRICT 1",18928,"MELANIE ANN STANSBURY",1,79823,1,778/778,15000,29285,35538,
10779,"United States Representative","REP","DISTRICT 1",18909,"NDIDIAMAKA EKWUA CHARLENE OKPAREKE",1,31809,1,778/778,3523,13570,14716,
10780,"United States Representative","DEM","DISTRICT 2",18913,"GABRIEL VASQUEZ",1,47123,1,663/663,8600,19629,18894,
10780,"United States Representative","REP","DISTRICT 2",18906,"GREGORY G CUNNINGHAM",1,26836,0.845334845334845,663/663,2079,13690,11067,
10780,"United States Representative","REP","DISTRICT 2",18929,"JOSE OROZCO",1,4910,0.154665154665155,663/663,437,2630,1843,
10781,"United States Representative","DEM","DISTRICT 3",18912,"TERESA LEGER FERNANDEZ",1,68768,1,763/763,8012,34331,26425,
10781,"United States Representative","REP","DISTRICT 3",18905,"MARTIN ZAMORA",1,32901,1,763/763,1884,18306,12711,
